pid,total_sent,unique_addresses_sent,unique_add_sent_perc,unique_subjects_sent,unique_sub_sent_perc,total_received,unique_addresses_received,unique_add_rec_perc,unique_subjects_received,unique_sub_rec_perc,total_emails,inter_hume_sent,inter_hume_received,inter_vt_sent,inter_vt_received,sent_to,sent_to_perc,sent_cc,sent_cc_perc,sent_bcc,sent_bcc_perc,rec_to,rec_to_perc,rec_cc,rec_cc_perc,rec_bcc,rec_bcc_perc,avg_recipients_sent,avg_recipients_rec,avg_body_chars_sent,avg_body_chars_rec,var_body_chars_sent,var_body_chars_rec,after_hours_sent,after_hours_sent_perc,after_hours_rec,after_hours_rec_perc,after_hours_sent_hume,after_hours_sent_hume_perc,after_hours_rec_hume,after_hours_rec_hume_perc,avg_sent_per_day,avg_rec_per_day,avg_emails_per_day,attached_sent,attached_rec,avg_attachments_sent,avg_attachments_rec,sent_re,sent_re_perc,sent_fw,sent_fw_perc,rec_re,rec_re_perc,rec_fw,rec_fw_perc,avg_subject_chars_sent,avg_subject_chars_rec,var_subject_chars_sent,var_subject_chars_rec,fg_between_centrality,pg_between_centrality,pg_avg_neighbor_degree,fg_avg_neighbor_degree,pg_clustering,fg_clustering,pg_closeness_centrality,fg_closeness_centrality,pg_degree_centrality,fg_degree_centrality,pg_current_flow_closeness_centrality,pg_current_flow_betweenness_centrality,pg_communicability_centrality,fg_communicability_centrality,pg_communicability_betweenness_centrality,pg_load_centrality,fg_load_centrality,pg_square_clustering,fg_square_clustering,pg_eccentricity,pg_pagerank,fg_pagerank,pg_hubs,pg_authorities,fg_hubs,fg_authorities,pg_avg_shortest_paths,pg_max_shortest_paths,fg_avg_shortest_paths,fg_max_shortest_paths,pg_num_cliques,fg_num_cliques,Status
adamq,0.003485881,0.017533937,0.866,0.006040709,0.719585608,0.030858746,0.082259055,0.203205791,0.041315684,0.2450154,0.004070291,0.1625,0.025806452,0.785714286,0.082191781,0.005300285,0.897790382,0.000709346,0.163654128,0,0,0.046623639,0.268994548,0,0,0,0,0.268675455,0.598635804,0.214045649,0.236139256,0.041297672,0.014798183,0.001713402,0.338704908,0.038598153,0.75,0.000524315,0.05575,0.00287829,0.06135291,0.012822928,0.117544706,0.041808036,0.003455558,0.013173189,0.340909091,0.053333333,0.003000607,0.768814056,0.004194902,0.172980701,0.010003923,0.256337183,0.013204225,0.289170507,0.294045893,0.478945631,0.124592256,0.48038234,0,0,1,0.346666667,1,1,0.52631579,0.176915323,0.09375,0.303030303,0.142196082,0.005332457,0.023102397,0.135968109,0.038434185,0,0,0.685483871,1,1,0.039867026,0.010667126,0.002148066,0.002148066,0.003052153,0.003052153,1,1,0.71875,0,0.035714286,0,GradStudent
ajm,0.008373905,0.02969457,0.6105,0.013197636,0.654346913,0.043794483,0.086556169,0.14188211,0.045728039,0.121737721,0.009477321,0.6875,0.329032258,0.738095238,0.273972603,0.010561596,0.744653196,0.00526098,0.505617978,0,0,0.045949331,0.097646815,0,0,0,0,0.33821044,0.800644204,0.404835508,0.076204367,0.188578079,0.00507107,0.000585064,0.048196334,0.012313521,0.168956044,0.001704024,0.0755,0.017269737,0.260094389,0.064076963,0.330860988,0.138264579,0.008382927,0.035774248,0.340909091,0.266666667,0.006958853,0.742313324,0.008389803,0.144150584,0.034032954,0.615269237,0.051056338,0.790322581,0.361589748,0.386544171,0.262854749,0.752468381,0.22055375,0,0.792553192,0.218765432,1,0.50150289,0.625,0.622340426,0.375,0.757575758,0.545120014,0.041347193,0.280405419,0.688326064,0.399591574,0,0.220603853,0.760122794,0.458649235,1,0.073488232,0.06166386,0.032008492,0.032008492,0.032530744,0.032530744,0.842105263,1,0.25,0,0.035714286,0.21875,Director
apoetter,0.239143135,0.112839367,0.08125,0.197964544,0.343693126,0.634682321,0.386740332,0.019441572,0.553650221,0.049278651,0.229723641,0.7,0.219354839,0.869047619,0.280821918,0.247905218,0.612076096,0.228231956,0.767953102,0,0,0.738271843,0.139051825,0,0,0,0,0.430344295,0.455174156,0.624703611,0.104050346,0.10479789,0.010492521,0.03389193,0.097575399,0.390243902,0.370604396,0.080875606,0.1255,0.286184211,0.298898794,0.244254173,0.652657177,0.35943617,0.396237282,0.504584786,0.568181818,0.253333333,0.164107639,0.612884334,0.273313972,0.164403145,0.516771283,0.646767662,0.51056338,0.547235023,0.542358072,0.333398619,1,0.869165989,0.85468413,1,0.528590426,0.016,0.503448276,0.023121387,1,1,1,1,0.968403772,0.812516233,1,0.992784588,1,1,0.8546411,0.462283887,0.153811421,0.5,0.495242483,0.450092644,0.297160035,0.297160034,0.296183717,0.296183716,0.52631579,0.5,0,0,1,0.96875,PM
arog3632,0.039552094,0.079468326,0.346,0.052330926,0.549349013,0.150033768,0.306936771,0.145811789,0.167970317,0.153104231,0.042475218,0.225,0.051612903,0.726190476,0.123287671,0.053860244,0.804088385,0.017378968,0.353688324,0,0,0.21394856,0.236974674,0,0,0,0,0.305857357,0.416142988,0.247091588,0.165228877,0.042122503,0.038435315,0.010990848,0.191454761,0.135448733,0.543681319,0.007078254,0.0665,0.020559211,0.090718406,0.041804818,0.163342488,0.075740183,0.036411339,0.074260623,0.318181818,0.093333333,0.033549334,0.757686676,0.017424976,0.063378604,0.086798745,0.459127044,0.101232394,0.458525346,0.245537848,0.338306666,0.200183015,0.672477055,0.009121146,0.003723569,0.708510638,0.380606061,0.928571429,0.887557043,0.576923077,0.4453125,0.3125,0.606060606,0.493001713,0.100307792,0.147502926,0.510118633,0.216796557,0.003723569,0.009123218,0.902391546,0.620084809,1,0.077906289,0.052034077,0.017903717,0.017903717,0.020026605,0.020026605,0.912280702,1,0.40625,0,0.071428571,0.09375,GradStudent
bdeird7,0.059513145,0.147341629,0.42625,0.085883125,0.599188016,0.156683464,0.307550645,0.138469493,0.185018051,0.178797212,0.065545209,0.1625,0.04516129,0.761904762,0,0.089754082,0.890464374,0.014600698,0.197361993,0,0,0.225026491,0.240770133,0,0,0,0,0.310155005,0.385416996,0.475799015,0.30988127,0.836239241,0.028487527,0.086380542,1,0.260241535,1,0.02254555,0.14075,0.04194079,0.177241741,0.070829095,0.18256221,0.102385401,0.039930889,0.074002325,0.227272727,0.08,0.04363648,0.654904832,0.043239755,0.104360257,0.046390742,0.235038248,0.044894366,0.194700461,0.286868889,0.542430496,0.203196078,0.567484283,0.167493801,0.044473382,0.651975684,0.173827161,0.833333333,0.440462428,0.625,0.622340426,0.4375,0.757575758,0.550279055,0.175932588,0.254337559,0.665723143,0.362472258,0.044473382,0.16798587,0.761426691,0.51517546,1,0.09553813,0.068880203,0.016279468,0.016279468,0.014893805,0.014893805,0.842105263,1,0.25,0,0.178571429,0.46875,GradStudent
cheadley,0.025900682,0.041289593,0.2745,0.0335522,0.537869243,0.07335446,0.092081031,0.077662875,0.076915363,0.12343978,0.027650946,0.75,0.4,0.928571429,0.315068493,0.03300986,0.752451849,0.015901165,0.494137763,0,0,0.08679318,0.146987786,0,0,0,0,0.352672751,0.575962358,0.23000073,0.063256946,0.035031282,0.004097102,0.00848343,0.22560615,0.052569264,0.431043956,0.019661817,0.282,0.071957237,0.648662821,0.026714957,0.075252091,0.040378366,0.014590133,0.051788712,0.193181818,0.2,0.025696683,0.886237189,0.011293966,0.062663808,0.051785014,0.559622019,0.058978873,0.544930876,0.303252207,0.367358895,0.157690244,0.854024015,0.39762585,0.07334609,0.679599499,0.092121212,0.801470588,0.192690658,0.697674419,0.891768293,0.53125,0.939393939,0.720801274,0.188695259,0.428589163,0.940786121,0.575769253,0.07334609,0.398040644,0.621501089,0.252760559,1,0.133701522,0.120120691,0.032554572,0.032554572,0.035154676,0.035154676,0.754385965,1,0.0625,0,0.392857143,0.90625,Research
cthomp,0.055150925,0.054015837,0.1685,0.043663821,0.328713426,0.289157878,0.111111111,0,0.296329723,0.113308478,0.05252328,0.9625,0.329032258,1,0.363013699,0.07400912,0.792390405,0.029083171,0.424279433,0,0,0.256622676,0.036574426,0,0,0,0,0.614129123,0.474626583,0.417535236,0.038001791,0.088181318,0.003087296,0.009486397,0.118568894,0.175230879,0.36510989,0.02687115,0.181,0.223684211,0.512323021,0.056310677,0.288325192,0.120834844,0.067447367,0.225752292,0.420454546,0.24,0.027292751,0.442020498,0.124878993,0.32570884,0.238819145,0.655767212,0.291373239,0.684331797,0.343732403,0.310593494,0.250831847,0.509896445,0.157842397,0.126937953,0.635396518,0.22,0.773684211,0.511676301,0.75,0.66236413,0.6875,0.787878788,0.922860632,0.306034547,0.651493593,0.744815388,0.748502572,0.126937953,0.1579462,0.574959552,0.44773153,1,0.310648362,0.27944841,0.335882494,0.335882492,0.335171203,0.335171201,0.701754386,1,0.21875,0,0.321428571,0.28125,Director
deannac,0.08667965,0.091063348,0.18075,0.088115561,0.422091558,0.269988051,0.2737876,0.055118925,0.258624148,0.085183984,0.087008111,0.8,0.270967742,0.928571429,0.294520548,0.122257298,0.832801607,0.029792516,0.276502198,0,0,0.293998651,0.111517494,0,0,0,0,0.442416341,0.402216819,0.517771494,0.088029291,0.164671879,0.008090912,0.003802917,0.030159669,0.13757992,0.306868132,0.01074846,0.046,0.105263158,0.257996854,0.122450485,0.38712396,0.196700903,0.118448839,0.278961643,0.477272727,0.386666667,0.04481757,0.461786237,0.048725395,0.08077198,0.213809337,0.628768562,0.281690141,0.708525346,0.508931204,0.418108488,0.670917368,0.676541907,1,0.86728578,0.537405628,0.013333333,0.527093596,0.017341041,0.967741936,1,0.96875,1,0.913523968,0.488884114,0.96989098,0.987582284,0.981626043,0.86728578,1,0.476358763,0.035791551,1,0.303463615,0.271040598,0.153146066,0.153146066,0.152357925,0.152357924,0.543859649,1,0,0,0.964285714,1,Operations
fnguyen,0.011567673,0.037895928,0.564,0.015889691,0.570348593,0.047690789,0.120319214,0.189348501,0.056658644,0.181877128,0.012556323,0.2625,0.161290323,0.880952381,0.198630137,0.015744963,0.803615739,0.004669859,0.324865657,0,0,0.06338503,0.201366365,0,0,0,0,0.390023661,0.342059557,0.477650534,0.162319167,0.072338505,0.012840847,0.015378829,0.915878179,0.061804405,0.778571429,0.006029624,0.1935,0.037828947,0.523859465,0.013205983,0.054984172,0.024858708,0.008638894,0.022730208,0.261363636,0.08,0.005841606,0.451098097,0.008389803,0.104360257,0.023832876,0.395680216,0.024647887,0.350230415,0.310555125,0.397335131,0.147019533,0.619596437,0.004914584,0,0.868085106,0.36,1,0.928607646,0.545454546,0.413915094,0.15625,0.575757576,0.347611935,0.042467825,0.05054912,0.455488978,0.083947022,0,0.0049157,0.902624725,0.66506973,1,0.057883625,0.031645344,0.005395536,0.005395536,0.006270002,0.006270002,0.964912281,1,0.4375,0,0.035714286,0.09375,GradStudent
jmernst,0.102122687,0.07550905,0.12725,0.1222587,0.497130057,0.287755208,0.230202578,0.036401241,0.285900522,0.100178311,0.106728747,0.8875,0.367741936,0.940476191,0.328767123,0.140691375,0.813423136,0.043270083,0.34098681,0,0,0.338888354,0.144503485,0,0,0,0,0.342145927,0.422585025,0.31207237,0.083481443,0.066684927,0.007953371,0.028459192,0.192046127,0.279185413,0.584340659,0.077467558,0.28175,0.372944079,0.858416361,0.135248295,0.388499193,0.206493797,0.045242209,0.214128891,0.147727273,0.226666667,0.08704951,0.761346999,0.070667957,0.099594949,0.253825029,0.700464977,0.23943662,0.565668203,0.289397071,0.269698435,0.241860956,0.720235288,0.46074727,0.694393546,0.556231003,0.080392157,0.547619048,0.157001678,0.9375,0.94453125,0.875,0.96969697,0.943541676,0.670937206,0.847606844,0.986760627,0.934240806,0.694393546,0.46062477,0.454244926,0,1,0.391624574,0.378953029,0.171922571,0.17192257,0.171579189,0.171579189,0.561403509,1,0.03125,0,0.928571429,1,Research
jrmurphy,0.0212074,0.023472851,0.1905,0.018056468,0.35349293,0.107590005,0.070595457,0.024715615,0.126052948,0.174906792,0.020486633,1,0.303225807,0.976190476,0.369863014,0.03125609,0.870258774,0.007093456,0.269174402,0,0,0.118100376,0.11503692,0,0,0,0,0.603264281,0.400606309,0.276844874,0.040251721,0.167538209,0.004015907,0.002632789,0.085600237,0.044518115,0.248901099,0.007864727,0.13775,0.046875,0.288411117,0.021752509,0.10913398,0.046061247,0.061304153,0.076327005,1,0.213333333,0.006384269,0.268960469,0.147466925,1,0.067085131,0.494675266,0.099471831,0.627880184,0.345499644,0.432316778,0.233920003,0.594395569,0.136634888,0.035530704,0.720901126,0.20516129,0.882352941,0.428685327,0.697674419,0.793604651,0.53125,0.878787879,0.734490031,0.115920652,0.484253087,0.906266006,0.624130261,0.035530704,0.136665927,0.634547412,0.17078392,1,0.12413677,0.093015724,0.059449738,0.059449738,0.057748473,0.057748473,0.754385965,1,0.125,0,0.178571429,0.5625,Operations
jsprick,0.033865628,0.032239819,0.164,0.025935653,0.317933641,0.093459401,0.09883364,0.059979318,0.085138388,0.065731885,0.032051667,0.725,0.264516129,0.80952381,0.253424658,0.027670603,0.482453031,0.042087841,1,0,0,0.101049995,0.108964185,0,0,0,0,0.389709788,0.406100988,0.30314274,0.065481116,0.031236462,0.005722785,0.00417903,0.085008871,0.027942221,0.179945055,0.011010617,0.12075,0.032072368,0.227058207,0.153746405,0.42216725,0.229374294,0.024892814,0.070773602,0.25,0.226666667,0.031697896,0.83601757,0.032268474,0.137002621,0.085425657,0.725063747,0.07834507,0.569124424,0.375368503,0.410446828,0.327727426,0.751562497,0.062480815,0,0.777562863,0.276666667,1,0.740677774,0.612244898,0.383680556,0.34375,0.545454546,0.653486612,0.059107628,0.230059203,0.38330229,0.335959391,0,0.063335728,0.859338476,0.718370702,1,0.092565652,0.071613123,0.061038693,0.061038693,0.061970095,0.061970095,0.859649123,1,0.46875,0,0.035714286,0.03125,PM
justus,0.127633885,0.121606335,0.164,0.134143139,0.436371273,0.446101096,0.349907919,0.034850052,0.389891697,0.050008105,0.12912286,0.7,0.258064516,0.80952381,0.219178082,0.122062434,0.564693371,0.142519359,0.898632145,0,0,0.476351026,0.103581533,0,0,0,0,0.386450336,0.389143272,0.449586967,0.040281268,0.072790089,0.004842461,0.043838021,0.236694264,0.405162207,0.547252747,0.091099751,0.265,0.381990132,0.566858941,0.13101428,0.450019916,0.220323951,0.099315288,0.298592277,0.272727273,0.186666667,0.126121237,0.882576867,0.147466925,0.166071003,0.459395842,0.817909105,0.420774648,0.640552995,0.388074045,0.342837053,0.360016864,0.658509777,0.00709796,0.034540573,0.665173572,0.380606061,0.882352941,0.919683602,0.697674419,0.4453125,0.59375,0.606060606,0.925035918,0.254511893,0.527245314,0.506851508,0.638569346,0.034540573,0.007099573,0.696754474,0.664975549,1,0.320303953,0.296396917,0.39643707,0.396437068,0.396494649,0.396494647,0.754385965,1,0.40625,0,0.178571429,0.0625,Research
jziegler,0.02023369,0.023190045,0.19725,0.021142482,0.433851323,0.070912775,0.053406998,0.033919338,0.074308063,0.123115578,0.020441574,0.9625,0.44516129,0.964285714,0.349315069,0.027709576,0.808578518,0.008807708,0.350268686,0,0,0.085251903,0.154026637,0,0,0,0,0.413612439,0.42567973,0.335454889,0.058842611,0.136529538,0.002841805,0.005558109,0.189237138,0.038361355,0.325274725,0.01612269,0.296,0.063733553,0.594126901,0.021719541,0.07574684,0.036841145,0.004991361,0.055534031,0.090909091,0.253333333,0.017939796,0.791947291,0.004840271,0.034310222,0.056688898,0.633718314,0.068661972,0.656682028,0.211698975,0.322168582,0.225446104,0.96709875,0.078381722,0.242848055,0.617021277,0.259555556,0.671428571,0.572070832,0.769230769,0.747869318,0.65625,0.848484849,0.752487941,0.212786341,0.564222954,0.887044636,0.713693066,0.242848055,0.078399528,0.603720192,0.263434928,1,0.14656943,0.107400787,0.043943786,0.043943786,0.042488452,0.042488452,0.684210526,1,0.15625,0,0.464285714,0.8125,Research
ksterne,0.015813048,0.053450226,0.582,0.02206172,0.579308414,0.159073199,0.224063843,0.090072389,0.191235459,0.187712757,0.017242415,0.175,0,0.464285714,0.061643836,0.018200242,0.67954626,0.011585979,0.589643381,0,0,0.222714575,0.227313505,0,0,0,0,0.35337293,0.33287018,0.380617378,1,0.061067533,1,0.008232688,0.358663513,0.182571632,0.690934066,0.003145891,0.074,0.013980263,0.058206607,0.016631501,0.171048825,0.059346324,0.012990337,0.056696371,0.284090909,0.013333333,0.014619976,0.825768668,0.013875444,0.126280677,0.05786583,0.288735563,0.075704225,0.323732719,0.325739044,0.449782733,0.233882708,0.585556816,0,0,0.686170213,0.445185185,1,1,0.555555556,0.326450893,0.25,0.484848485,0.345394478,0.073053195,0.088077377,0.3501911,0.132497771,0,0,1,0.774835883,1,0.060263952,0.025212048,0.009272478,0.009272478,0.004633356,0.004633356,0.947368421,1,0.53125,0,0.035714286,0,Research
kstraub,0.003407984,0.011595023,0.58575,0.00538411,0.65602688,0.048625903,0.099447514,0.147569804,0.061572403,0.214621495,0.003860018,0.625,0.116129032,0.80952381,0.068493151,0.003936241,0.681909488,0.001536916,0.3629702,0,0,0.072343705,0.260230488,0,0,0,0,0.297696654,0.324280797,0.247944388,0.241413857,0.034842264,0.012027819,0.001128338,0.228119456,0.072223538,0.892307692,0.002097261,0.2285,0.013157895,0.178814893,0.008519837,0.141192009,0.045157021,0.002175722,0.025571484,0.215909091,0.106666667,0.002521786,0.66090776,0.001290739,0.054562783,0.01353472,0.220488976,0.019366197,0.269585254,0.360186877,0.629986044,0.411591281,0.586901646,0.014446543,0.0015127,0.781914894,0.35884058,0.964285714,0.840132122,0.576923077,0.477941177,0.25,0.636363636,0.287196462,0.030241872,0.11386169,0.548774516,0.181592291,0.0015127,0.014449825,0.7401453,0.468338427,1,0.050733072,0.021298717,0.003528197,0.003528196,0.005007605,0.005007605,0.912280702,1,0.375,0,0.071428571,0.15625,GradStudent
leslie,0.121051607,0.053733032,0.0765,0.070321733,0.241215176,0.084523871,0.084714549,0.05532575,0.094665062,0.153347382,0.109447282,0.9375,0.451612903,0.988095238,0.376712329,0.189407226,0.923904053,0.023408406,0.155593552,0,0,0.100664676,0.14974812,0,0,0,0,1,0.367196135,0.988563045,0,0.152110683,0.002053028,0.008901333,0.050709639,0.034572579,0.246153846,0.026084677,0.08,0.053042763,0.414787625,0.172118923,0.122877927,0.160456802,0.261022589,0.080718068,0.75,0.333333333,0.01755674,0.129575403,0.03743143,0.044555635,0.086112201,0.8080096,0.10915493,0.876728111,1,0.318495124,0.95151254,0.510931417,0.617739749,0.830577591,0.540494166,0.024,0.52955665,0.040462428,0.967741936,1,0.96875,1,0.935303323,0.780561206,0.977706036,1,0.984172091,0.830577591,0.617642892,0.470379696,0.105521109,1,0.377887633,0.37354113,0.120329024,0.120329024,0.119158547,0.119158547,0.543859649,1,0,0,0.964285714,1,Operations
mifowler,0.084771178,0.09530543,0.1935,0.07793828,0.381772365,0.22977817,0.184162063,0.036711479,0.214801444,0.075538985,0.083208171,0.7875,0.348387097,0.857142857,0.287671233,0.072216376,0.503013116,0.103268901,0.980214949,0,0,0.181292746,0,0,0,0,0,0.489135159,0.443395333,0.348145289,0.045313333,0.135438019,0.00321858,0.024447323,0.198698995,0.230641724,0.60467033,0.059640844,0.26125,0.347039474,1,0.086022569,0.225466971,0.125377916,0.106994305,0.187524215,0.431818182,0.266666667,0.067800939,0.714348463,0.07357212,0.124851084,0.227147901,0.784910755,0.26584507,0.785714286,0.503628411,0.347717421,0.74958911,0.543393856,0.164391805,0.08269726,0.68868981,0.233333333,0.81871345,0.521067141,0.731707317,0.66236413,0.59375,0.787878788,0.904380852,0.302531068,0.564372057,0.752359107,0.701140821,0.08269726,0.16442915,0.598598146,0.414413947,1,0.272374617,0.230361129,0.314437425,0.314437423,0.313718653,0.313718651,0.719298246,1,0.21875,0,0.392857143,0.375,Research
mryan91,0.004459591,0.017533937,0.67675,0.007550886,0.703065939,0.023221986,0.05893186,0.193381593,0.026173285,0.156589399,0.005166717,0.475,0.180645161,0.773809524,0.219178082,0.005417203,0.71723975,0.002364485,0.426722032,0,0,0.030825547,0.201435374,0,0,0,0,0.300135207,0.338712224,0.196479866,0.10953498,0.030953076,0.005316396,0.001796983,0.277646363,0.011603126,0.299175824,0.001704024,0.142,0.008223684,0.232826429,0.008854226,0.045969686,0.019174672,0.001791771,0.015756167,0.136363636,0.186666667,0.002872921,0.575402635,0.004517586,0.145580176,0.012161632,0.413379331,0.007922535,0.230414747,0.31178181,0.460314877,0.272112208,0.667421538,0.195306766,0,0.823404255,0.32,1,0.404128819,0.545454546,0.477941177,0.15625,0.575757576,0.21430227,0.019104782,0.04809658,0.438031129,0.079349867,0,0.195123967,0.891577061,0.502538227,1,0.045371512,0.023460066,0.002689956,0.002689956,0.003959606,0.003959606,0.964912281,1,0.375,0,0.035714286,0.1875,GradStudent
pudavid,0.011781889,0.029128959,0.4255,0.02245568,0.791404172,0.095069874,0.14732965,0.102998966,0.094865624,0.102123521,0.014223491,0.7,0.167741936,0.952380952,0.150684932,0.019954012,1,0.001359579,0.092818759,0,0,0.131297563,0.220343662,0,0,0,0,0.278984982,0.335364891,0.250971257,0.195886847,0.051077945,0.014384205,0.007355092,0.430070964,0.124082406,0.78543956,0.013238957,0.41725,0.060032895,0.417933928,0.01834583,0.140856586,0.052292669,0.006655148,0.03551595,0.193181818,0.026666667,0.00995946,0.755051245,0.001613424,0.019776031,0.04982346,0.415629219,0.022007042,0.156682028,0.307823153,0.464770625,0.318396534,0.655058666,0.021608029,0.002016933,0.783365571,0.297971015,0.981818182,0.767464905,0.612244898,0.477941177,0.34375,0.636363636,0.515328098,0.077269961,0.225050113,0.529884411,0.333777955,0.002016933,0.021612937,0.731374005,0.500483807,1,0.077731955,0.040637108,0.011202744,0.011202744,0.010565789,0.010565789,0.859649123,1,0.375,0,0.071428571,0.28125,GradStudent
rchase,0.007692308,0.02658371,0.595,0.014839133,0.801063979,0.044158138,0.062615101,0.093174767,0.048636181,0.145647593,0.009327125,0.8375,0.419354839,0.988095238,0.335616438,0.012042558,0.924376699,0.001950701,0.20395701,0,0,0.054619016,0.167207232,0,0,0,0,0.274325173,0.341933243,0.190295741,0.033622145,0.037140035,0.003697615,0.000417903,0.037403903,0.009471939,0.128846154,0.001179709,0.057,0.013980263,0.209229156,0.009469626,0.051172931,0.021059342,0.001791771,0.028283611,0.079545455,0.173333333,0.005777764,0.670863836,0.004517586,0.084345961,0.034032954,0.610169492,0.065140845,1,0.273974165,0.153556834,0.313191359,0.562944592,0.266714818,0.026630171,0.726677578,0.1425,0.871794872,0.291369344,0.638297872,0.841517857,0.40625,0.909090909,0.554909693,0.057564499,0.28383599,0.919713102,0.407397938,0.026630171,0.266708478,0.757952703,0.200421802,1,0.076125094,0.044133166,0.036265664,0.036265664,0.032180374,0.032180374,0.824561404,1,0.09375,0,0.107142857,0.59375,Operations
rwmcgwi,0.281752678,0.25,0.15275,0.274064347,0.403891922,1,0.920810313,0.04663909,1,0.102852975,0.279993992,0.7375,0.258064516,0.857142857,0.232876712,0.246229393,0.516010871,0.346338003,0.989252565,0,0,1,0.078324477,0,0,0,0,0.431986093,0.364764581,0.414712404,0.14535323,0.193948445,0.0147338,0.113753187,0.278089888,1,0.602747253,0.249442915,0.32875,1,0.662296801,0.285749721,1,0.48562939,0.685288283,0.796590469,0.840909091,0.253333333,0.315446739,1,0.145530816,0.074338813,0.799627305,0.635218239,0.960387324,0.653225807,0.321456323,0.371308911,0.320405781,0.756836469,0.152124787,0.318535817,0.593380615,0.195,0.653333333,0.403627666,0.857142857,0.841517857,0.84375,0.909090909,0.990758095,0.7394837,0.875730076,0.959753828,0.909546902,0.318535817,0.152159344,0.480687982,0.115624281,1,0.718950081,0.714079804,0.809225023,0.809225018,0.809119082,0.809119077,0.614035088,1,0.09375,0,0.785714286,0.875,Director
saikou,0.018461539,0.041289593,0.385,0.026723572,0.60100798,0.065094291,0.092081031,0.091830403,0.068792619,0.126924947,0.020351457,0.7,0.316129032,0.904761905,0.315068493,0.025916832,0.828902281,0.008275699,0.360771861,0,0,0.080050092,0.164308881,0,0,0,0,0.303684388,0.372596078,0.267361383,0.083289776,0.069462496,0.010166067,0.005725271,0.213630988,0.034572579,0.319230769,0.011010617,0.2215,0.035773026,0.363398007,0.019630006,0.069944026,0.033704647,0.015102067,0.04378148,0.284090909,0.186666667,0.015832988,0.766032211,0.009357857,0.072909221,0.056198509,0.684265787,0.043133803,0.449308756,0.280651238,0.309119141,0.159629737,0.734582096,0.055576492,0.0017288,0.707037643,0.283333333,0.981818182,0.643148066,0.612244898,0.66236413,0.40625,0.787878788,0.6023724,0.080670997,0.259935103,0.781837254,0.359630117,0.0017288,0.055589117,0.754289475,0.334860662,1,0.089722957,0.061399077,0.030887968,0.030887968,0.028067799,0.028067799,0.859649123,1,0.21875,0,0.071428571,0.59375,GradStudent
sarowe,0.099552094,0.088235294,0.1525,0.100590939,0.419571609,0.321315393,0.18723143,0.01737332,0.301845167,0.077403145,0.099789727,0.8625,0.380645161,0.928571429,0.342465753,0.118710784,0.704123833,0.07057989,0.570591109,0,0,0.282824391,0.0338831,0,0,0,0,0.454367666,0.346038463,0.357140166,0.045866403,0.072812824,0.003694539,0.014375862,0.099497339,0.191096377,0.358241758,0.038537161,0.14375,0.28412829,0.585736759,0.099586489,0.323490074,0.16235533,0.103218788,0.283611004,0.363636364,0.306666667,0.063938456,0.573645681,0.160696999,0.232070527,0.321400549,0.794360282,0.330105634,0.698156682,0.420574875,0.291147984,0.494571918,0.52364515,0.099629351,0.269863445,0.599018003,0.23827957,0.670289855,0.511375609,0.833333333,0.793604651,0.8125,0.878787879,0.944448704,0.480525046,0.827881812,0.93205656,0.878696661,0.269863445,0.099651983,0.514903265,0.162300805,1,0.382783264,0.363367414,0.346231386,0.346231385,0.34597771,0.345977709,0.631578947,1,0.125,0,0.678571429,0.84375,PM
sdh11,0.021480039,0.056561086,0.45325,0.026329613,0.509029819,0.077666372,0.123388582,0.10672182,0.089149619,0.165018642,0.022589366,0.5875,0.187096774,0.714285714,0.082191781,0.026189641,0.719839301,0.014423361,0.540302882,0,0,0.101435315,0.192533297,0,0,0,0,0.335602878,0.328828118,0.342185711,0.197433951,0.169393124,0.015126891,0.007814785,0.250591366,0.069855553,0.540934066,0.009306593,0.161,0.045641447,0.388568432,0.023000578,0.081080061,0.039251259,0.013822231,0.036032546,0.227272727,0.08,0.019503942,0.810980966,0.014198128,0.095067906,0.038544527,0.393430329,0.038732394,0.338709677,0.343468661,0.449980509,0.462636472,0.729364434,0.026601451,0.046046698,0.710106383,0.35025641,0.841666667,0.778838904,0.681818182,0.583984375,0.5,0.727272727,0.609486544,0.101417655,0.415203307,0.705158001,0.557261947,0.046046698,0.026607494,0.631535313,0.443674034,1,0.091062234,0.053849475,0.034738522,0.034738521,0.030972958,0.030972957,0.771929825,1,0.28125,0,0.285714286,0.46875,GradStudent
tcc,1,1,0.17225,1,0.415231695,0.955218453,1,0.057600827,0.854793422,0.058680499,1,0.425,0.212903226,0.702380952,0.205479452,1,0.590452558,1,0.804592086,0,0,0.897312398,0.055758747,0,0,0,0,0.398860399,0.31692298,0.49029623,0.070851491,0.090746869,0.005273185,1,0.688941455,0.709685058,0.447802198,1,0.3715,0.577302632,0.400104877,1,0.959937947,1,1,1,0.340909091,0.386666667,1,0.893265007,1,0.143912318,1,0.831558422,1,0.711981567,0.393401851,0.274950975,0.453010555,0.515657127,0.215050102,0.090907851,0.641199226,0.184888889,0.8,0.394439857,0.75,0.747869318,0.6875,0.848484849,1,1,0.668331156,0.82891117,0.758416281,0.090907851,0.214871788,0.59800457,0.114367993,1,1,1,1,1,1,1,0.701754386,1,0.15625,0,0.357142857,0.71875,Director
tkoehn,0.024225901,0.033936652,0.24125,0.038148391,0.653786924,0.084264118,0.095150399,0.0663909,0.089851584,0.130815367,0.027410634,0.775,0.361290323,0.952380952,0.335616438,0.036010757,0.877702942,0.006147662,0.20420127,0,0,0.110105,0.192740322,0,0,0,0,0.283668936,0.319512426,0.244336554,0.081971854,0.054321327,0.078196292,0.004137239,0.117681845,0.037177362,0.265384615,0.011010617,0.16875,0.044819079,0.351861563,0.028614534,0.099763108,0.048526793,0.009086837,0.06509105,0.125,0.24,0.0194401,0.716691069,0.006453695,0.038360734,0.068752452,0.647067647,0.056338028,0.453917051,0.255301913,0.337532812,0.17633698,0.936161012,0.074105013,0.061882312,0.657071339,0.272643678,0.847619048,0.582629317,0.666666667,0.704166667,0.53125,0.818181818,0.65517872,0.174682876,0.401865768,0.829631857,0.524610226,0.061882312,0.074121847,0.681719544,0.178465396,1,0.112995375,0.079755275,0.031228037,0.031228037,0.024662062,0.024662062,0.789473684,1,0.1875,0,0.142857143,0.59375,Research
vombo13,0.000817916,0.002828054,0.59525,0.001969797,1,0.024312951,0.027010436,0.069079628,0.030685921,0.212919436,0.001081406,0.9875,0.44516129,0.964285714,0.342465753,0.001286098,0.928394187,5.91E-05,0.058133854,0,0,0.027839322,0.133945207,0,0,0,0,0.248756579,0.321565036,0.15590055,0.11986276,0.012146689,0.005283751,0.000334322,0.281638084,0.01089273,0.268406593,0.00104863,0.47625,0.018092105,0.489774515,0.000981186,0.029387225,0.008815914,0.001023869,0.026475526,0.431818182,0.413333333,0.000319214,0.348609078,0.00064537,0.113414344,0.013240487,0.429878506,0.014964789,0.415898618,0.354074165,0.709595119,0.290719175,1,0.012852917,0,0.857142857,0.542222222,1,0.854665566,0.566037736,0.477941177,0.21875,0.575757576,0.455266756,0.034719033,0.103912597,0.518910582,0.164762714,0,0.012855837,0.758337229,0.48671843,1,0.06411577,0.01791331,0.013419265,0.013419265,0.003801974,0.003801974,0.929824561,1,0.375,0,0.035714286,0.15625,GradStudent
zleffke,0.051431354,0.102375566,0.34275,0.069993434,0.565028699,0.320795886,0.474524248,0.095760083,0.367529081,0.164046037,0.055677381,0.5,0.167741936,0.80952381,0.150684932,0.064928485,0.745362165,0.032689011,0.511480215,0,0,0.412965996,0.18528742,0,0,0,0,0.353638515,0.31578615,1,0.115153138,1,0.010630308,0.015754942,0.21096984,0.261899124,0.491758242,0.024249574,0.175,0.146381579,0.302045097,0.053071977,0.33361984,0.130929147,0.035899405,0.21658272,0.238636364,0.186666667,0.047722412,0.828843338,0.01839303,0.051465332,0.177814829,0.440227989,0.235915493,0.5,0.339758452,0.415374451,0.263951577,0.644273772,0.084043696,0.204022355,0.619680851,0.256444444,0.705627706,0.555922562,0.789473684,0.747869318,0.75,0.848484849,0.765180448,0.219907997,0.734431018,0.88402241,0.814797059,0.204022355,0.084062788,0.504326779,0.279750099,1,0.149331561,0.114421708,0.065721571,0.065721571,0.059205967,0.059205967,0.666666667,1,0.15625,0,0.607142857,0.6875,Research
