pid,total_sent,unique_addresses_sent,unique_add_sent_perc,unique_subjects_sent,unique_sub_sent_perc,total_received,unique_addresses_received,unique_add_rec_perc,unique_subjects_received,unique_sub_rec_perc,total_emails,total_sent_signed,total_sent_signed_perc,unique_addresses_sent_signed,unique_add_sent_perc_signed,unique_subjects_sent_signed,unique_sub_sent_perc_signed,total_received_signed,total_rec_signed_perc,unique_addresses_received_signed,unique_add_rec_perc_signed,unique_subjects_received_signed,unique_sub_rec_perc_signed,total_sent_encrypted,total_sent_encrypted_perc,unique_addresses_sent_encrypted,unique_add_sent_perc_encrypted,unique_subjects_sent_encrypted,unique_sub_sent_perc_encrypted,total_received_encrypted,total_rec_encrypted_perc,unique_addresses_received_encrypted,unique_add_rec_perc_encrypted,unique_subjects_received_encrypted,unique_sub_rec_perc_encrypted,inter_hume_sent,inter_hume_received,inter_vt_sent,inter_vt_received,sent_to,sent_to_perc,sent_cc,sent_cc_perc,rec_to,rec_to_perc,rec_cc,rec_cc_perc,avg_recipients_sent,avg_recipients_rec,avg_body_chars_sent,avg_body_chars_rec,var_body_chars_sent,var_body_chars_rec,after_hours_sent,after_hours_sent_perc,after_hours_rec,after_hours_rec_perc,after_hours_sent_hume,after_hours_sent_hume_perc,after_hours_rec_hume,after_hours_rec_hume_perc,avg_sent_per_day,avg_rec_per_day,avg_emails_per_day,attached_sent,attached_rec,avg_attachments_sent,avg_attachments_rec,sent_re,sent_re_perc,sent_fw,sent_fw_perc,rec_re,rec_re_perc,rec_fw,rec_fw_perc,avg_subject_chars_sent,avg_subject_chars_rec,var_subject_chars_sent,var_subject_chars_rec,fg_between_centrality,pg_between_centrality,pg_avg_neighbor_degree,fg_avg_neighbor_degree,pg_clustering,fg_clustering,pg_closeness_centrality,fg_closeness_centrality,pg_degree_centrality,fg_degree_centrality,pg_current_flow_closeness_centrality,pg_current_flow_betweenness_centrality,pg_communicability_centrality,fg_communicability_centrality,pg_communicability_betweenness_centrality,pg_load_centrality,fg_load_centrality,pg_square_clustering,fg_square_clustering,pg_eccentricity,pg_pagerank,fg_pagerank,pg_hubs,pg_authorities,fg_hubs,fg_authorities,pg_avg_shortest_paths,pg_max_shortest_paths,fg_avg_shortest_paths,fg_max_shortest_paths,pg_num_cliques,fg_num_cliques,Status
adamq,52,34,0.6538,43,0.8269,215,78,0.3628,198,0.9209,267,7,0.1346,7,1.0,7,1.0,4,0.0186,2,0.5,3,0.75,0,0.0,0,0.0,0,0.0,0,0.0,0,0.0,0,0.0,17,11,85,45,47,0.9038,5,0.0962,209,0.9721,6,0.0279,1.0,1.4,238.59615384615384,998.0325581395348,90408.50998520707,1300026.4501027577,19,0.3654,62,0.2884,1,0.0192,1,0.0047,0.8609,3.5596,4.4205,7,27,0.13,0.13,33,0.6346,3,0.0577,41,0.1907,8,0.0372,24.865384615384613,39.68372093023256,167.15495562130175,508.99764196863197,1.0133046905874127e-05,0.0,0.0,55.444444444444436,0.0,0.9722222222222222,0.0,0.5220125786163522,0.0,0.10843373493975904,0.0,0.0,0.0,45097484620905.25,0.0,0.0,1.0133046905874148e-05,0.0,0.4347953216374269,0.0,0.0,0.0023352480196290326,0.0,0.0,0.00018133523798919757,0.0001813352379214881,0.0,0.0,1.8928571428571428,3.0,0.0,2.0,GradStudent
ahmed12,9,9,1.0,5,0.5556,46,17,0.3696,43,0.9348,55,0,0.0,0,0.0,0,0.0,3,0.0652,1,0.3333,3,1.0,0,0.0,0,0.0,0,0.0,0,0.0,0,0.0,0,0.0,78,70,89,98,3,0.3333,6,0.6667,36,0.7826,10,0.2174,1.8,4.0889,78.0,794.8260869565217,8138.222222222223,415333.8393194706,0,0.0,5,0.1087,0,0.0,3,0.0652,0.0511,0.2614,0.3125,0,34,0.0,0.74,9,1.0,0,0.0,16,0.3478,6,0.1304,47.33333333333334,47.5,431.1111111111112,769.8152173913044,0.0,0.0,0.0,48.25,0.0,1.0,0.0,0.5286624203821656,0.0,0.14457831325301207,0.0,0.0,0.0,59822909177044.0,0.0,0.0,0.0,0.0,0.6536601096420509,0.0,0.0,0.002518908744503602,0.0,0.0,0.0006655911007273331,0.0006655911000848901,0.0,0.0,1.869047619047619,3.0,0.0,1.0,Research
ajm,141,61,0.4326,108,0.766,241,70,0.2905,205,0.8506,382,2,0.0142,2,1.0,2,1.0,59,0.2448,13,0.2203,51,0.8644,2,0.0142,2,1.0,2,1.0,2,0.0083,2,1.0,2,1.0,73,73,81,85,117,0.8298,24,0.1702,164,0.6805,77,0.3195,1.1653,1.7333,407.6595744680851,618.6514522821577,386502.2812735779,506111.16482154216,4,0.0284,17,0.0705,3,0.0213,13,0.0539,4.7959,8.1973,12.9932,52,105,0.37,0.44,80,0.5674,8,0.0567,112,0.4647,18,0.0747,26.90070921985816,35.11203319502075,277.3234746743121,649.5268676503505,0.0008461908764208827,0.0,35.375,45.82758620689656,1.0,0.8547008547008547,0.5075757575757576,0.5971223021582733,0.11940298507462685,0.3493975903614458,37.10975376439811,0.005366332752652051,13323110.316080987,345504972798072.25,0.1358885381819103,0.0,0.0008461908764208829,0.3196564885496183,0.3053918414618453,3.0,0.004579084286212158,0.0055530885515661646,0.00277922272901545,0.0027792227283604154,0.0032823813694350798,0.0032823813691872064,1.9411764705882355,3.0,1.6547619047619049,2.0,1.0,27.0,Director
apblair,50,11,0.22,41,0.82,79,15,0.1899,69,0.8734,129,1,0.02,1,1.0,1,1.0,41,0.519,6,0.1463,36,0.878,2,0.04,2,1.0,2,1.0,0,0.0,0,0.0,0,0.0,98,96,100,97,48,0.96,2,0.04,74,0.9367,5,0.0633,1.0417,2.2051,256.32,427.65822784810126,83710.05760000001,201151.1616728089,39,0.78,18,0.2278,38,0.76,16,0.2025,0.3828,0.6049,0.9877,11,30,0.22,0.38,29,0.58,2,0.04,34,0.4304,5,0.0633,16.28,30.734177215189877,80.40160000000002,761.9166800192274,4.873813789220911e-05,0.0,39.0,53.83333333333334,1.0,0.9545454545454546,0.43506493506493504,0.5389610389610391,0.02985074626865672,0.14457831325301207,26.881839451989897,0.001517019411028523,918309.3175188205,74290206077540.98,0.010005280667668221,0.0,4.8738137892209085e-05,0.4696969696969697,0.5413875081046035,3.0,0.0034982465876369387,0.0035739249663975727,0.0003781043176480187,0.0003781043176237498,0.0005955565789511236,0.0005955565792976268,2.264705882352941,3.0,1.8333333333333333,2.0,1.0,2.0,GradStudent
apoetter,4147,292,0.0704,1951,0.4705,4074,426,0.1046,2786,0.6838,8221,1063,0.2563,146,0.1373,587,0.5522,371,0.0911,48,0.1294,317,0.8544,1,0.0002,1,1.0,1,1.0,4,0.001,3,0.75,4,1.0,68,49,88,84,2544,0.6135,1603,0.3865,3028,0.7432,1046,0.2568,1.3673,1.3032,666.6337111164697,632.4997545409916,269403.3640239189,800913.5008590462,311,0.075,652,0.16,247,0.0596,258,0.0633,18.9361,18.6027,37.5388,2531,1664,0.61,0.41,2094,0.5049,361,0.0871,2126,0.5218,218,0.0535,39.819387509042684,33.80166912125675,1096.7817027355427,855.2797615734029,0.06797051606783742,0.19734961487934596,15.361702127659573,32.6,0.27575757575757576,0.4388120839733743,0.7282608695652174,0.8058252427184466,0.7014925373134329,0.783132530120482,53.51480564718872,0.3499146076253637,121998494.086126,984264767541925.0,0.7828209330981676,0.19623613929414468,0.06796589412966889,0.23552077540319374,0.19451419404338424,3.0,0.05898974585233405,0.0502557696161586,0.03740109742916905,0.0374010974513234,0.03660863194426275,0.036608631991081365,1.3529411764705883,3.0,1.2261904761904765,2.0,53.0,278.0,PM
arog3632,671,180,0.2683,444,0.6617,1002,328,0.3273,782,0.7804,1673,75,0.1118,38,0.5067,44,0.5867,32,0.0319,14,0.4375,30,0.9375,1,0.0015,1,1.0,1,1.0,0,0.0,0,0.0,0,0.0,21,19,75,55,565,0.842,106,0.158,918,0.9162,84,0.0838,1.0946,1.2569,251.58867362146046,907.8263473053893,81130.9425840827,3539695.496790843,107,0.1595,241,0.2405,14,0.0209,18,0.018,3.1983,4.776,7.9743,254,221,0.38,0.22,401,0.5976,24,0.0358,358,0.3573,33,0.0329,20.08196721311475,34.9750499001996,262.56109061591457,760.6430900673707,0.00358228672734908,0.0,29.11111111111111,43.09375,1.0,0.7494252873563219,0.4962962962962963,0.6102941176470589,0.13432835820895522,0.3855421686746988,39.57225142216817,0.07239004356936407,11151230.686044648,374011063466891.2,0.11037674591769714,0.0,0.0035776301339276125,0.3573707721761327,0.2742336548767417,3.0,0.00596440841947276,0.005658501028857121,0.0019530922901506774,0.0019530922909225825,0.0018286230216423007,0.0018286230241594886,1.9852941176470589,3.0,1.619047619047619,2.0,1.0,35.0,GradStudent
asohangh,145,41,0.2828,88,0.6069,182,37,0.2033,150,0.8242,327,2,0.0138,2,1.0,2,1.0,45,0.2473,11,0.2444,37,0.8222,0,0.0,0,0.0,0,0.0,2,0.011,2,1.0,2,1.0,66,82,86,90,100,0.6897,45,0.3103,144,0.7912,38,0.2088,1.25,2.021,368.5655172413793,639.8791208791208,237443.1836385257,402660.6117618646,33,0.2276,17,0.0934,19,0.131,11,0.0604,0.6639,0.8333,1.4973,28,72,0.19,0.4,113,0.7793,5,0.0345,92,0.5055,8,0.044,26.73793103448276,36.043956043956044,589.9313198573126,1021.4925733607053,0.002031023738606823,0.0001602208801506431,30.4,42.28,0.9,0.7826086956521741,0.475177304964539,0.5804195804195804,0.07462686567164177,0.3012048192771085,36.09610227996763,0.009005472647811397,3394755.839769032,211462570315727.84,0.03861541476135067,0.000193477059148701,0.0020292745817004514,0.1939924906132666,0.3766427104722793,3.0,0.0050713533848436255,0.005454994128020346,0.0008437672423390637,0.0008437672422428518,0.0011133684492099544,0.0011133684491972085,2.073529411764706,3.0,1.7023809523809523,2.0,2.0,31.0,GradStudent
awais,29,11,0.3793,16,0.5517,79,14,0.1772,68,0.8608,108,0,0.0,0,0.0,0,0.0,27,0.3418,3,0.1111,22,0.8148,0,0.0,0,0.0,0,0.0,0,0.0,0,0.0,0,0.0,90,85,100,92,21,0.7241,8,0.2759,71,0.8987,8,0.1013,1.3182,2.1212,177.41379310344828,804.9240506329114,10779.34601664685,1282836.854991187,2,0.069,21,0.2658,1,0.0345,18,0.2278,0.1363,0.3712,0.5075,11,30,0.38,0.38,22,0.7586,0,0.0,40,0.5063,7,0.0886,22.344827586206893,48.455696202531655,123.19143876337694,1156.0708219836556,0.0,0.0,38.0,48.6,1.0,1.0,0.4589041095890411,0.5220125786163522,0.04477611940298507,0.12048192771084335,29.62350017176359,0.002442606225604409,2075552.995174361,40047678256186.55,0.022397008262705128,0.0,0.0,0.26755852842809363,0.6414821944177094,3.0,0.0034609336570597554,0.00321449818825391,0.0026716777859883568,0.0026716777827478985,0.002950665403700799,0.0029506653978682205,2.147058823529412,3.0,1.8928571428571428,3.0,1.0,1.0,GradStudent
bdeird7,1028,341,0.3317,669,0.6508,1003,321,0.32,823,0.8205,2031,3,0.0029,3,1.0,3,1.0,55,0.0548,14,0.2545,44,0.8,3,0.0029,3,1.0,3,1.0,2,0.002,2,1.0,2,1.0,14,18,77,34,916,0.8911,112,0.1089,960,0.9571,43,0.0429,1.1803,1.1224,509.3764591439689,1235.2552342971087,1987345.8631423255,2427070.343629133,831,0.8084,455,0.4536,57,0.0554,44,0.0439,5.4565,5.3238,10.7803,233,215,0.23,0.21,561,0.5457,42,0.0409,204,0.2034,20,0.0199,20.9795719844358,42.35094715852443,208.5744854199152,615.8489198406755,0.00380153327254886,0.0037130163935974454,22.625,39.645161290322584,0.7333333333333333,0.7019704433497537,0.4820143884892086,0.6058394160583942,0.11940298507462685,0.3734939759036145,35.18948090370225,0.07429482838576275,4980904.030656259,304866139928100.4,0.05702022998539093,0.004320106372345179,0.003821056758512236,0.2537796976241901,0.2854901536463969,3.0,0.006172135490203607,0.006746074327969246,0.0008064274978209756,0.0008064274979358643,0.0012127980163492724,0.0012127980177410506,2.044117647058824,3.0,1.630952380952381,2.0,2.0,51.0,GradStudent
ccallsen,4510,697,0.1545,2353,0.5217,3446,552,0.1602,2245,0.6515,7956,2180,0.4834,421,0.1931,1175,0.539,652,0.1892,54,0.0828,519,0.796,0,0.0,0,0.0,0,0.0,4,0.0012,4,1.0,4,1.0,56,52,77,76,2785,0.6175,1725,0.3825,2250,0.6529,1196,0.3471,1.2111,1.2748,472.3620842572062,482.06210098665116,233882.65847370488,624489.8545300029,411,0.0911,332,0.0963,275,0.061,195,0.0566,20.3336,15.5365,35.8702,1529,1315,0.34,0.38,3370,0.7472,364,0.0807,2461,0.7142,280,0.0813,31.240354767184037,32.02292513058619,527.7843581889898,510.17445992880533,0.01000320584487452,0.020264454021338054,21.392857142857142,37.844444444444434,0.6061538461538462,0.6146179401993356,0.5929203539823009,0.6747967479674797,0.41791044776119396,0.5421686746987953,52.95350955232846,0.12486482858737954,81285746.83999409,603746826109196.5,0.5805265334238704,0.020103135427649226,0.010002331266421334,0.43722397476340696,0.2658098605031077,3.0,0.037847237479951834,0.035071651834012375,0.05339287107356962,0.05339287105578682,0.052180713003763715,0.052180712965137925,1.6617647058823528,3.0,1.4642857142857142,2.0,25.0,77.0,Director,
cheadley,436,98,0.2248,287,0.6583,475,88,0.1853,388,0.8168,911,92,0.211,40,0.4348,66,0.7174,119,0.2505,14,0.1176,97,0.8151,4,0.0092,4,1.0,4,1.0,6,0.0126,6,1.0,6,1.0,71,86,92,92,334,0.7661,102,0.2339,372,0.7832,103,0.2168,1.1816,1.5877,242.9243119266055,544.7431578947369,91524.00115204958,442190.6287689749,82,0.1881,79,0.1663,58,0.133,67,0.1411,1.9945,2.1729,4.1674,76,162,0.17,0.34,315,0.7225,11,0.0252,210,0.4421,21,0.0442,22.79587155963303,35.64631578947368,176.125762772494,949.4285916897513,0.01301066704108792,0.015125774381700631,20.0,37.72727272727273,0.4833333333333333,0.5923344947735192,0.536,0.6693548387096774,0.2388059701492537,0.5301204819277109,46.66882492824194,0.05432055521848177,17984290.479152367,563361121581673.5,0.20055237285689329,0.015820725018486217,0.013000559448545562,0.2808406944867499,0.24264992150706435,3.0,0.01243023385357377,0.011935142835701214,0.0023384123645186178,0.002338412365516409,0.00315253820705896,0.0031525382090935136,1.8382352941176472,3.0,1.4761904761904765,2.0,13.0,135.0,Research
chrisdob,25,11,0.44,21,0.84,82,22,0.2683,62,0.7561,107,0,0.0,0,0.0,0,0.0,11,0.1341,6,0.5455,9,0.8182,1,0.04,1,1.0,1,1.0,1,0.0122,1,1.0,1,1.0,96,93,96,95,24,0.96,1,0.04,57,0.6951,25,0.3049,1.0417,1.7463,218.4,572.2317073170733,50865.11999999999,339877.7389946461,4,0.16,5,0.061,4,0.16,4,0.0488,0.1357,0.4452,0.5809,3,18,0.12,0.22,17,0.68,0,0.0,37,0.4512,3,0.0366,17.08,28.04878048780488,101.51360000000004,557.5585960737657,0.0002181697290684171,0.0,30.0,45.470588235294116,1.0,0.9047619047619048,0.42948717948717946,0.5496688741721855,0.02985074626865672,0.20481927710843376,17.1204984308677,0.0017464548754656936,519968.94532190904,106604001060297.98,0.006206342794639397,0.0,0.0002181697290684171,1.0,0.5250998288648032,4.0,0.00290928954641435,0.0031756052354147057,0.00022645002269979888,0.00022645002263599272,0.000583303761720391,0.0005833037618131362,2.294117647058824,4.0,1.7976190476190477,2.0,1.0,4.0,GradStudent
chrisj12,15,12,0.8,11,0.7333,69,25,0.3623,58,0.8406,84,0,0.0,0,0.0,0,0.0,6,0.087,3,0.5,5,0.8333,0,0.0,0,0.0,0,0.0,0,0.0,0,0.0,0,0.0,73,84,87,88,9,0.6,6,0.4,37,0.5362,32,0.4638,1.0714,1.7869,101.33333333333331,457.7246376811594,10486.48888888889,191191.1560596513,1,0.0667,12,0.1739,1,0.0667,11,0.1594,0.0784,0.3605,0.4389,1,14,0.07,0.2,11,0.7333,0,0.0,37,0.5362,4,0.058,18.6,33.56521739130435,42.106666666666655,558.970384373031,0.000753855735013348,0.0,10.0,45.941176470588225,0.0,0.7720588235294118,0.32211538461538464,0.5570469798657718,0.01492537313432836,0.20481927710843376,8.510184461845332,0.0,11253.265980930315,111435819111157.4,0.00031614514457931135,0.0,0.0007560719975780809,0.0,0.32660803586825315,4.0,0.0030734369300729467,0.003364876945063895,5.346534571317218e-06,5.346534567732016e-06,0.0009140980952352957,0.0009140980948122697,3.0588235294117645,4.0,1.7738095238095235,2.0,1.0,9.0,GradStudent
cshahria,46,19,0.413,27,0.587,74,22,0.2973,66,0.8919,120,0,0.0,0,0.0,0,0.0,16,0.2162,2,0.125,16,1.0,1,0.0217,1,1.0,1,1.0,0,0.0,0,0.0,0,0.0,83,85,93,89,25,0.5435,21,0.4565,60,0.8108,14,0.1892,1.3939,1.4127,246.0217391304348,553.5135135135135,49525.238657845,417054.62819576345,6,0.1304,29,0.3919,5,0.1087,27,0.3649,0.2216,0.3565,0.578,14,19,0.3,0.26,35,0.7609,0,0.0,33,0.4459,5,0.0676,31.30434782608696,35.2972972972973,219.51606805293,665.3981008035064,0.00048495177128259894,0.0,40.0,41.111111111111114,0.0,0.8333333333333334,0.4060606060606061,0.5496688741721855,0.01492537313432836,0.21686746987951808,20.70174702240579,1.2854685404976934e-17,228540.36167399926,100624594809833.23,0.0025451529741632754,0.0,0.0004983855882239114,0.0,0.4975934314835787,4.0,0.002782288456188299,0.0032516274311670487,0.00212096856826373,0.0021209685655543733,0.0023763093122719423,0.00237630930715494,2.426470588235294,4.0,1.7976190476190477,3.0,1.0,14.0,GradStudent
cthomp,960,118,0.1229,422,0.4396,1931,144,0.0746,1514,0.784,2891,79,0.0823,23,0.2911,47,0.5949,528,0.2734,25,0.0473,459,0.8693,0,0.0,0,0.0,0,0.0,2,0.001,2,1.0,2,1.0,90,70,99,99,750,0.7813,210,0.2188,1103,0.5712,828,0.4288,1.8286,1.3889,439.14166666666665,445.6525116519938,202510.8424305555,250016.73114206054,99,0.1031,302,0.1564,89,0.0927,218,0.1129,4.3204,8.6904,13.0108,445,745,0.46,0.39,346,0.3604,160,0.1667,1057,0.5474,134,0.0694,25.94583333333333,33.60279647850855,245.28039930555542,552.8308363019224,0.010263336247702776,0.003253200072778651,24.91304347826087,38.45454545454545,0.7509881422924901,0.6248548199767712,0.5775862068965517,0.6693548387096774,0.34328358208955223,0.5301204819277109,52.48975078097582,0.04851357051710952,71659301.35151637,595941128092913.0,0.5449268946608761,0.003254555510322131,0.0102615870907964,0.3714950905962142,0.2675744680851064,3.0,0.027782186660771927,0.026483628927336543,0.042817470221562334,0.04281747020452915,0.041614222356786135,0.04161422231935955,1.7058823529411764,3.0,1.4761904761904765,2.0,22.0,79.0,Director
darek,12,7,0.5833,10,0.8333,12,6,0.5,11,0.9167,24,0,0.0,0,0.0,0,0.0,1,0.0833,1,1.0,1,1.0,0,0.0,0,0.0,0,0.0,0,0.0,0,0.0,0,0.0,83,83,100,92,8,0.6667,4,0.3333,12,1.0,0,0.0,1.0,1.1818,491.08333333333326,542.6666666666666,167035.90972222222,157012.3888888889,7,0.5833,4,0.3333,6,0.5,3,0.25,0.0562,0.0562,0.1125,3,8,0.25,0.67,8,0.6667,0,0.0,7,0.5833,2,0.1667,26.75,21.75,135.85416666666666,193.02083333333331,0.0,0.0,0.0,53.85714285714285,0.0,1.0,0.0,0.50920245398773,0.0,0.08433734939759037,0.0,0.0,0.0,26213560506247.45,0.0,0.0,0.0,0.0,0.3625550660792952,0.0,0.0,0.0020359302880527353,0.0,0.0,0.00043763723516823265,0.00043763723532654563,0.0,0.0,1.9404761904761905,3.0,0.0,1.0,GradStudent
deannac,1565,233,0.1489,801,0.5118,1681,274,0.163,1226,0.7293,3246,971,0.6204,192,0.1977,573,0.5901,304,0.1808,38,0.125,245,0.8059,7,0.0045,7,1.0,4,0.5714,2,0.0012,2,1.0,2,1.0,77,59,95,85,1345,0.8594,220,0.1406,1199,0.7133,482,0.2867,1.5034,1.2549,548.9309904153355,622.0761451516954,406079.271914994,793017.206575503,41,0.0262,243,0.1446,38,0.0243,104,0.0619,10.0578,10.8033,20.8612,768,875,0.49,0.52,610,0.3898,57,0.0364,850,0.5057,138,0.0821,38.74504792332269,36.89173111243308,752.0762134961034,659.5314069378131,0.059282692133592364,0.05249449920133933,19.647058823529417,31.385714285714286,0.4616935483870968,0.4034240561896401,0.6504854368932039,0.8469387755102041,0.5074626865671642,0.8433734939759037,52.30530456783968,0.13828199857684284,99182901.08255509,1070210874297552.8,0.6752716984830954,0.05225001260109808,0.059277626343464326,0.2431508521756117,0.1856739551053956,3.0,0.028935471099366793,0.028778672166539208,0.018930085986140276,0.018930085994985326,0.018394901133328805,0.018394901152008508,1.5147058823529411,3.0,1.1666666666666667,2.0,32.0,322.0,Operations
drdepoy,244,56,0.2295,116,0.4754,192,42,0.2188,160,0.8333,436,9,0.0369,4,0.4444,6,0.6667,56,0.2917,11,0.1964,49,0.875,0,0.0,0,0.0,0,0.0,0,0.0,0,0.0,0,0.0,74,83,89,91,141,0.5779,103,0.4221,135,0.7031,57,0.2969,1.4611,1.7303,604.7581967213115,542.1770833333334,523750.00300658407,451637.6978081586,18,0.0738,16,0.0833,14,0.0574,10,0.0521,1.1152,0.8775,1.9927,16,73,0.07,0.38,190,0.7787,10,0.041,101,0.526,12,0.0625,30.11065573770492,34.703125,215.22955858640162,532.521240234375,0.0034126200872923768,0.08819538670284936,16.8,40.74193548387097,0.35714285714285715,0.6945812807881774,0.471830985915493,0.6014492753623188,0.14925373134328354,0.3734939759036145,35.77302079599824,0.11942887995771972,5100730.001406412,315146578979364.2,0.13373490110566838,0.08819538670284939,0.003415249786944071,0.26352128883774456,0.2510606555084153,3.0,0.012990121792630616,0.006910792145159318,0.0012181081161927525,0.0012181081171841945,0.002214768291338152,0.0022147682931179732,2.088235294117647,3.0,1.6428571428571428,3.0,4.0,50.0,Research
dslevy,492,93,0.189,298,0.6057,782,129,0.165,563,0.7199,1274,166,0.3374,59,0.3554,109,0.6566,299,0.3824,29,0.097,248,0.8294,0,0.0,0,0.0,0,0.0,1,0.0013,1,1.0,1,1.0,83,76,90,88,280,0.5691,212,0.4309,434,0.555,348,0.445,1.2456,1.4244,373.0772357723577,532.4603580562658,283551.92086390354,451995.5962546034,60,0.122,129,0.165,50,0.1016,108,0.1381,4.8047,7.6367,12.4414,120,304,0.24,0.39,376,0.7642,31,0.063,536,0.6854,63,0.0806,29.603658536585368,35.15856777493606,628.9140516557615,838.5758792786577,0.0015704335629227902,0.0004338041563678087,29.4375,46.225806451612904,0.925,0.8669950738916257,0.5447154471544715,0.6058394160583942,0.2388059701492537,0.3734939759036145,49.03084958770778,0.013777065356606229,44033186.826242186,403240216777929.7,0.3784146217901007,0.0004343362552317776,0.0015704335629227908,0.3952637994079749,0.3179660398028117,3.0,0.011048302849114929,0.011179436013589127,0.016951588329286782,0.01695158832394394,0.01670423557777138,0.016704235566693825,1.8088235294117647,3.0,1.630952380952381,2.0,5.0,22.0,Director
example,72,19,0.2639,50,0.6944,73,19,0.2603,64,0.8767,145,13,0.1806,9,0.6923,12,0.9231,28,0.3836,8,0.2857,23,0.8214,0,0.0,0,0.0,0,0.0,1,0.0137,1,1.0,1,1.0,97,97,99,100,63,0.875,9,0.125,65,0.8904,8,0.1096,1.1429,1.6875,261.6666666666667,782.3698630136986,71637.19444444445,707440.0138862825,14,0.1944,8,0.1096,14,0.1944,8,0.1096,0.5651,0.573,1.1381,4,24,0.06,0.33,45,0.625,2,0.0278,28,0.3836,4,0.0548,19.972222222222218,40.684931506849324,87.97145061728399,1008.1336085569527,0.00025066330878711993,0.0,13.0,49.0,0.0,0.9019607843137256,0.3507853403141361,0.5608108108108109,0.01492537313432836,0.21686746987951808,10.269447404867577,-3.2136713512442342e-18,40942.24325853185,146653865039758.3,0.0004973423919674072,0.0,0.00025066330878712,0.0,0.38388155384263145,4.0,0.0026482411447641178,0.0036392614286991283,2.070239176770117e-05,2.0702391772139106e-05,0.00048456010041721223,0.0004845601008886241,2.8088235294117645,4.0,1.761904761904762,2.0,1.0,8.0,GradStudent
fnguyen,193,83,0.4301,119,0.6166,299,117,0.3913,248,0.8294,492,13,0.0674,11,0.8462,9,0.6923,24,0.0803,8,0.3333,23,0.9583,1,0.0052,1,1.0,1,1.0,2,0.0067,2,1.0,2,1.0,22,35,93,65,164,0.8497,29,0.1503,265,0.8863,34,0.1137,1.4621,1.0496,591.1813471502591,871.6354515050168,243278.1173722785,1359434.1045625885,153,0.7927,97,0.3244,18,0.0933,29,0.097,1.0084,1.5622,2.5705,62,74,0.32,0.25,62,0.3212,8,0.0415,98,0.3278,7,0.0234,23.772020725388604,36.03010033444816,160.58014980267936,639.2198297558192,0.0011915725376613119,0.0,23.0,41.84,1.0,0.7628458498023716,0.4085365853658536,0.5804195804195804,0.02985074626865672,0.3012048192771085,19.22248919928021,0.002988834830840572,322870.14149430336,214136702725873.3,0.0038406594073063204,0.0,0.0011915725376613114,1.0,0.3045666432902933,4.0,0.003234594494883555,0.0037051769347062366,0.0001444227224879645,0.00014442272249553498,0.0005530587093224809,0.0005530587099351307,2.411764705882353,4.0,1.7023809523809523,2.0,1.0,23.0,GradStudent
hayajs,36,12,0.3333,24,0.6667,59,16,0.2712,54,0.9153,95,0,0.0,0,0.0,0,0.0,14,0.2373,3,0.2143,13,0.9286,0,0.0,0,0.0,0,0.0,0,0.0,0,0.0,0,0.0,86,86,89,88,22,0.6111,14,0.3889,50,0.8475,9,0.1525,1.2857,1.3611,166.69444444444446,775.6779661016949,75634.10108024692,506387.13358230423,9,0.25,12,0.2034,8,0.2222,10,0.1695,0.1732,0.2839,0.4572,15,18,0.42,0.31,26,0.7222,0,0.0,24,0.4068,2,0.0339,33.44444444444444,41.88135593220339,300.52469135802465,795.901177822465,0.0001945174605327412,0.0,38.0,46.42857142857143,1.0,0.9010989010989012,0.43506493506493504,0.5424836601307189,0.02985074626865672,0.16867469879518074,18.207659737576392,0.0006823147336147157,863588.978046668,77360563956855.73,0.009652319598197266,0.0,0.00019757848511889055,0.3103448275862069,0.4858021342014831,3.0,0.002721337145214648,0.003098553474108057,0.0012013793155548859,0.0012013793143535914,0.0012668902363265446,0.001266890233896105,2.264705882352941,3.0,1.8214285714285716,3.0,1.0,8.0,GradStudent
het,178,56,0.3146,126,0.7079,462,74,0.1602,364,0.7879,640,1,0.0056,1,1.0,1,1.0,125,0.2706,17,0.136,100,0.8,1,0.0056,1,1.0,1,1.0,2,0.0043,2,1.0,2,1.0,83,83,92,96,109,0.6124,69,0.3876,288,0.6234,174,0.3766,1.2276,1.634,851.6910112359552,561.012987012987,2918364.932615832,450062.9651993037,34,0.191,69,0.1494,26,0.1461,56,0.1212,1.057,2.7435,3.8005,68,255,0.38,0.55,117,0.6573,9,0.0506,248,0.5368,40,0.0866,27.13483146067416,39.032467532467535,349.442494634516,1086.6721060324958,0.003509045257382209,9.045680687471733e-05,31.41666666666667,42.358974358974365,0.9545454545454546,0.7492492492492493,0.5234375,0.6434108527131783,0.1791044776119403,0.4698795180722892,46.72967885104556,0.01280621249164889,26877790.38385816,560339968689658.56,0.2512639434272041,9.04568068747173e-05,0.0035087113274273555,0.37955801104972375,0.2804600717222077,3.0,0.008517259258204674,0.008562179965783602,0.007635186864293597,0.007635186866286107,0.007249308718406123,0.007249308722303115,1.8823529411764703,3.0,1.5357142857142858,2.0,2.0,87.0,Research
jacouch,115,34,0.2957,47,0.4087,83,26,0.3133,47,0.5663,198,7,0.0609,7,1.0,3,0.4286,16,0.1928,8,0.5,15,0.9375,0,0.0,0,0.0,0,0.0,0,0.0,0,0.0,0,0.0,70,61,86,75,59,0.513,56,0.487,42,0.506,41,0.494,1.4198,1.2903,290.8956521739131,303.74698795180717,282270.71954631363,118105.82755116849,45,0.3913,13,0.1566,27,0.2348,7,0.0843,0.7306,0.5273,1.2579,28,19,0.24,0.23,87,0.7565,2,0.0174,63,0.759,6,0.0723,20.617391304347827,21.83132530120482,71.17534971644609,263.079982580926,4.656644386294696e-05,0.0,31.5,48.8125,1.0,0.967032967032967,0.42948717948717946,0.5460526315789473,0.02985074626865672,0.1927710843373494,23.417126801789646,0.0022592528635024182,515415.9364807833,110112612298598.69,0.006062910451384549,0.0,4.656644386294694e-05,1.0,0.4044871103440837,4.0,0.003272044378473605,0.003404074942426168,0.00045797653213119677,0.0004579765319857676,0.0008712918488842544,0.0008712918488490964,2.294117647058824,4.0,1.809523809523809,2.0,1.0,3.0,GradStudent
javier,32,19,0.5938,23,0.7188,84,20,0.2381,74,0.881,116,10,0.3125,5,0.5,8,0.8,24,0.2857,6,0.25,19,0.7917,0,0.0,0,0.0,0,0.0,0,0.0,0,0.0,0,0.0,91,93,97,98,28,0.875,4,0.125,72,0.8571,12,0.1429,1.2308,1.6557,308.375,726.3690476190477,127029.484375,579185.4233276644,7,0.2188,7,0.0833,5,0.1563,7,0.0833,0.1533,0.4023,0.5556,4,25,0.13,0.3,28,0.875,0,0.0,35,0.4167,2,0.0238,21.625,39.92857142857143,120.796875,1009.2091836734697,0.001024279180877484,0.0,41.66666666666666,46.78947368421053,1.0,0.7719298245614035,0.4557823129251701,0.564625850340136,0.04477611940298507,0.22891566265060245,25.392834088968506,0.0019356888665664875,2181628.647783612,143548917126086.84,0.02411908484337216,0.0,0.0010217561545519307,0.4757281553398058,0.340368301262156,3.0,0.003334904202000085,0.0033199963785032504,0.00046748437591986316,0.0004674843758100661,0.0005530879514656088,0.0005530879514145095,2.161764705882353,3.0,1.75,2.0,1.0,10.0,GradStudent
jdemma,62,22,0.3548,32,0.5161,108,23,0.213,82,0.7593,170,0,0.0,0,0.0,0,0.0,12,0.1111,6,0.5,11,0.9167,0,0.0,0,0.0,0,0.0,0,0.0,0,0.0,0,0.0,73,92,79,94,40,0.6452,22,0.3548,76,0.7037,32,0.2963,1.2653,1.3976,479.27419354838713,510.8055555555555,519729.811914672,146275.98996913573,5,0.0806,9,0.0833,3,0.0484,8,0.0741,0.3384,0.5895,0.9279,6,43,0.1,0.4,45,0.7258,4,0.0645,46,0.4259,5,0.0463,25.693548387096772,31.39814814814815,161.27705515088456,1047.4803669410146,0.00043696630531775985,0.0,30.0,49.0,1.0,0.8602941176470589,0.4267515923566879,0.5570469798657718,0.02985074626865672,0.20481927710843376,18.435642627801325,0.0018459955426354824,486075.245052021,126506613122975.78,0.0057357591257125645,0.0,0.00043696630531775985,12.0,0.4763212833754533,4.0,0.0029916826860096227,0.0034506464113587673,0.00023632953503122594,0.0002363295349593076,0.0006186665067690428,0.0006186665064559934,2.3088235294117645,4.0,1.7738095238095235,2.0,1.0,6.0,GradStudent
jgaedder,94,29,0.3085,44,0.4681,109,26,0.2385,85,0.7798,203,0,0.0,0,0.0,0,0.0,2,0.0183,1,0.5,2,1.0,0,0.0,0,0.0,0,0.0,0,0.0,0,0.0,0,0.0,84,85,91,92,35,0.3723,59,0.6277,78,0.7156,31,0.2844,1.6207,1.5474,376.40425531914894,516.2477064220184,239135.2408329561,323700.4248800607,14,0.1489,18,0.1651,12,0.1277,18,0.1651,0.6395,0.7415,1.381,12,62,0.13,0.57,75,0.7979,0,0.0,57,0.5229,13,0.1193,24.680851063829788,29.440366972477065,199.2172928927116,451.2005723423954,0.0007418496545737218,0.0,43.0,43.352941176470594,1.0,0.7720588235294118,0.4407894736842105,0.5460526315789473,0.02985074626865672,0.20481927710843376,19.506524728789962,0.0009993533942418372,1045321.4631952738,104310932554817.94,0.011461056948180287,0.0,0.0007418496545737218,0.4,0.3323680523120037,4.0,0.002820892527476581,0.004160264030594689,0.0009166886719624805,0.0009166886728541137,0.0017133538084278096,0.0017133538094942142,2.235294117647059,4.0,1.809523809523809,3.0,1.0,14.0,Research
jmahal,55,19,0.3455,33,0.6,79,23,0.2911,71,0.8987,134,0,0.0,0,0.0,0,0.0,21,0.2658,3,0.1429,20,0.9524,0,0.0,0,0.0,0,0.0,0,0.0,0,0.0,0,0.0,78,90,89,95,22,0.4,33,0.6,62,0.7848,17,0.2152,1.3095,1.3208,120.78181818181818,583.6708860759494,9712.643305785126,442923.6385194679,21,0.3818,25,0.3165,17,0.3091,24,0.3038,0.2667,0.3831,0.6499,28,29,0.51,0.37,28,0.5091,0,0.0,37,0.4684,6,0.0759,27.29090909090909,44.303797468354425,447.98809917355385,1274.7431501361955,0.0003241962968868021,0.0,38.0,42.555555555555564,1.0,0.875,0.43506493506493504,0.5496688741721855,0.02985074626865672,0.21686746987951808,24.812768133474933,0.0008939902363418629,863588.9780466676,107437303222469.48,0.009652319598195309,0.0,0.0003272573214729514,0.3103448275862069,0.4814814814814815,3.0,0.003035740474258532,0.003550194449627622,0.002358271261880557,0.002358271259201432,0.0025983294019598945,0.0025983293969697964,2.264705882352941,3.0,1.7976190476190477,3.0,1.0,10.0,GradStudent
jmernst,1705,184,0.1079,1018,0.5971,1882,240,0.1275,1406,0.7471,3587,1044,0.6123,140,0.1341,642,0.6149,437,0.2322,43,0.0984,369,0.8444,7,0.0041,7,1.0,6,0.8571,8,0.0043,8,1.0,8,1.0,87,77,96,91,1398,0.8199,307,0.1801,1411,0.7497,471,0.2503,1.2016,1.2683,336.66627565982407,581.6535600425078,183958.2188333436,735470.0223810548,277,0.1625,467,0.2481,238,0.1396,362,0.1923,10.1488,11.2024,21.3512,288,629,0.17,0.33,1089,0.6387,86,0.0504,1066,0.5664,96,0.051,22.070967741935483,30.56854410201913,288.58088733326997,692.5311678059625,0.034229137132743205,0.10093505453111166,17.05263157894737,34.333333333333336,0.3485064011379801,0.4918330308529946,0.6767676767676768,0.7685185185185185,0.5671641791044776,0.7228915662650602,52.84796836438018,0.1757457487803845,97351682.88957831,920238535137485.6,0.7008122589738143,0.09998589543026452,0.03415016570421479,0.23853754940711466,0.20573648591101765,3.0,0.04073456922105738,0.03660887790715109,0.01952559351038657,0.01952559351739229,0.01923927779065599,0.01923927780564792,1.4558823529411764,3.0,1.2857142857142858,2.0,49.0,286.0,Research
jnl,65,24,0.3692,43,0.6615,165,46,0.2788,129,0.7818,230,18,0.2769,12,0.6667,9,0.5,32,0.1939,10,0.3125,28,0.875,0,0.0,0,0.0,0,0.0,0,0.0,0,0.0,0,0.0,91,77,97,85,34,0.5231,31,0.4769,96,0.5818,69,0.4182,1.2745,1.4718,231.46153846153842,558.3151515151516,146053.3254437869,349057.2461340678,9,0.1385,25,0.1515,9,0.1385,18,0.1091,0.3736,0.9483,1.3218,19,116,0.29,0.7,55,0.8462,0,0.0,90,0.5455,15,0.0909,30.03076923076923,38.054545454545455,380.92213017751504,701.493994490358,0.00039397770721075117,0.0,33.25,51.58333333333334,1.0,0.927536231884058,0.43506493506493504,0.5845070422535211,0.059701492537313425,0.2891566265060241,33.340363662663485,0.0014930443397474069,3289413.691211512,289844325264567.7,0.03395336716805331,0.0,0.0003931031287575656,0.7551020408163265,0.3235341468912,4.0,0.003698532925776633,0.004110419577775971,0.0038059426775606453,0.003805942675790646,0.004196219115993843,0.0041962191125974,2.264705882352941,4.0,1.6904761904761905,2.0,1.0,7.0,Research
jodavis5,179,39,0.2179,124,0.6927,129,34,0.2636,100,0.7752,308,77,0.4302,23,0.2987,58,0.7532,10,0.0775,3,0.3,8,0.8,0,0.0,0,0.0,0,0.0,0,0.0,0,0.0,0,0.0,60,79,93,88,130,0.7263,49,0.2737,89,0.6899,40,0.3101,1.2095,1.3684,480.4301675977654,406.10077519379837,362137.23953684344,333121.2534102518,31,0.1732,20,0.155,19,0.1061,15,0.1163,1.0045,0.7239,1.7284,108,59,0.6,0.46,93,0.5196,0,0.0,88,0.6822,7,0.0543,28.39664804469274,29.751937984496127,262.7532848537809,327.45784508142515,0.0009590338975068684,0.0,29.0,43.842105263157904,1.0,0.7894736842105263,0.4085365853658536,0.564625850340136,0.02985074626865672,0.22891566265060245,27.055468907497982,0.002191651235302102,618597.3488526322,129467327634628.58,0.006538044627725293,0.0,0.0009806358125292703,1.0,0.4270030816640986,4.0,0.0033424508301648317,0.0045453000628598,0.0014676894731009734,0.0014676894749798878,0.002467565570329702,0.0024675655739032783,2.411764705882353,4.0,1.75,2.0,1.0,16.0,GradStudent
jonblack,46,24,0.5217,20,0.4348,65,22,0.3385,44,0.6769,111,0,0.0,0,0.0,0,0.0,26,0.4,3,0.1154,17,0.6538,0,0.0,0,0.0,0,0.0,0,0.0,0,0.0,0,0.0,20,82,100,97,46,1.0,0,0.0,23,0.3538,42,0.6462,2.1905,1.7959,880.695652173913,610.0615384615385,8560.385633270322,375240.0269822485,4,0.087,11,0.1692,0,0.0,10,0.1538,0.575,0.8125,1.3875,46,17,1.0,0.26,0,0.0,0,0.0,43,0.6615,2,0.0308,91.58695652173913,36.815384615384616,135.72069943289222,747.6889940828403,4.705992581141108e-05,0.0,40.0,51.625,0.0,0.9666666666666668,0.4060606060606061,0.5496688741721855,0.01492537313432836,0.1927710843373494,15.815158735057715,1.9282028107465404e-17,228540.36167399934,128512796786544.64,0.0025451529741617163,0.0,4.705992581141114e-05,0.0,0.3740288568257492,4.0,0.0025901530884392576,0.0028430641650542816,0.0014139790455091534,0.001413979043702916,0.0019828535964258095,0.0019828535939364787,2.426470588235294,4.0,1.7976190476190477,3.0,1.0,4.0,Director
jpokorsk,1671,190,0.1137,1036,0.62,2741,204,0.0744,1960,0.7151,4412,71,0.0425,38,0.5352,38,0.5352,442,0.1613,32,0.0724,377,0.8529,5,0.003,5,1.0,5,1.0,0,0.0,0,0.0,0,0.0,75,74,92,91,899,0.538,772,0.462,1439,0.525,1302,0.475,1.2884,1.2478,284.99461400359064,552.0302809193724,122713.85694286387,298422.1366241089,264,0.158,457,0.1667,198,0.1185,381,0.139,7.897,12.9537,20.8507,1546,1708,0.93,0.62,1080,0.6463,194,0.1161,1698,0.6195,198,0.0722,28.96229802513465,31.138270704122586,533.2630908291942,608.8663244812627,0.010016542361019393,0.0018655687835191386,26.55,38.67391304347826,0.8105263157894737,0.6236786469344608,0.5630252100840336,0.680327868852459,0.29850746268656714,0.5542168674698795,52.839674145238206,0.062105050668008165,59220658.0683208,662005217531136.9,0.4763842784473822,0.0018611203736712551,0.01000598543333818,0.37665881185662897,0.23836075595796485,3.0,0.03378941425593115,0.03366729440306266,0.05170298657746407,0.05170298657449703,0.0507057346660362,0.05070573465930391,1.75,3.0,1.4523809523809523,2.0,12.0,137.0,PM
jrmurphy,347,57,0.1643,148,0.4265,701,82,0.117,592,0.8445,1048,4,0.0115,3,0.75,4,1.0,163,0.2325,21,0.1288,147,0.9018,0,0.0,0,0.0,0,0.0,0,0.0,0,0.0,0,0.0,90,66,97,99,304,0.8761,43,0.1239,484,0.6904,217,0.3096,1.9066,1.2233,254.36599423631125,455.0256776034237,65272.0879502363,485877.30604536826,26,0.0749,70,0.0999,25,0.072,46,0.0656,1.5645,3.1605,4.725,368,253,1.06,0.36,70,0.2017,183,0.5274,287,0.4094,36,0.0514,25.951008645533143,36.828815977175466,263.0321819797525,581.3772580845383,0.008820597483288324,0.0007037931664797336,28.529411764705888,39.76744186046512,0.8897058823529411,0.6367663344407529,0.5491803278688525,0.6747967479674797,0.2537313432835821,0.5180722891566265,47.665247824298284,0.015633221121679412,47437634.63862938,609816818363739.1,0.40149235241358655,0.0007036081662947334,0.008819388974880287,0.38308223477715,0.2533644269542827,3.0,0.009593371921687195,0.01043844507359668,0.0074497054147275345,0.0074497054176171015,0.007399196008285904,0.007399196014882289,1.7941176470588236,3.0,1.4642857142857142,2.0,8.0,110.0,Operations
jsprick,537,87,0.162,224,0.4171,630,121,0.1921,468,0.7429,1167,178,0.3315,62,0.3483,102,0.573,147,0.2333,24,0.1633,124,0.8435,0,0.0,0,0.0,0,0.0,1,0.0016,1,1.0,1,1.0,69,60,80,80,278,0.5177,259,0.4823,448,0.7111,182,0.2889,1.226,1.2647,323.29050279329607,519.6873015873016,70083.68842004515,323257.2911085913,51,0.095,59,0.0937,39,0.0726,42,0.0667,11.095,13.0165,24.1116,134,236,0.25,0.37,387,0.7207,31,0.0577,374,0.5937,37,0.0587,27.977653631284923,36.977777777777774,366.45015240889313,780.0312522045857,8.503889267665477e-05,0.0004217728098325113,27.5,47.96153846153846,0.8901098901098901,0.9746376811594204,0.5275590551181102,0.5845070422535211,0.20895522388059698,0.3132530120481928,47.02861766755068,0.016239381976376383,31048462.42414215,303173085921165.0,0.2814060911453227,0.0004217728098325113,8.50388926766548e-05,0.5292936056243723,0.40991831971995335,3.0,0.00898623854255472,0.008481455471689889,0.008093686562550887,0.008093686562089322,0.007785563792584998,0.00778556379163441,1.8676470588235292,3.0,1.6904761904761905,2.0,4.0,5.0,PM
justus,2163,279,0.129,1239,0.5728,2837,372,0.1311,2045,0.7208,5000,441,0.2039,70,0.1587,238,0.5397,447,0.1576,43,0.0962,354,0.7919,0,0.0,0,0.0,0,0.0,1,0.0004,1,1.0,1,1.0,67,61,81,75,1199,0.5543,964,0.4457,1938,0.6831,899,0.3169,1.251,1.1818,456.1562644475266,459.94888967218895,160753.4984663045,384174.2148709906,436,0.2016,660,0.2326,294,0.1359,388,0.1368,9.7696,12.8139,22.5836,646,990,0.3,0.35,1562,0.7221,148,0.0684,1846,0.6507,200,0.0705,28.97642163661581,34.291152626013385,393.5403594560642,679.497887885412,0.0069551946318235185,0.011157358816988474,22.461538461538463,38.857142857142854,0.6557971014492754,0.6551282051282051,0.5826086956521739,0.6587301587301587,0.3880597014925373,0.5060240963855422,52.90830031430444,0.14385323032817976,75660535.79116409,555281703847335.2,0.5509788598602645,0.01105847586003624,0.006953921836088579,0.4031435411678984,0.2881442524417731,3.0,0.03520857552580972,0.032895063792398184,0.05352920271492629,0.05352920269701246,0.05222525307840861,0.052225253039040666,1.6911764705882353,3.0,1.5,2.0,19.0,56.0,Research
jziegler,323,66,0.2043,177,0.548,441,62,0.1406,358,0.8118,764,144,0.4458,42,0.2917,68,0.4722,111,0.2517,23,0.2072,96,0.8649,10,0.031,10,1.0,8,0.8,5,0.0113,5,1.0,5,1.0,93,94,99,98,273,0.8452,50,0.1548,338,0.7664,103,0.2336,1.292,1.32,334.05572755417955,510.11111111111114,230112.62847338698,282993.44116905995,43,0.1331,56,0.127,36,0.1115,53,0.1202,1.5589,2.1284,3.6873,30,160,0.09,0.36,205,0.6347,10,0.031,209,0.4739,29,0.0658,15.708978328173375,32.60997732426304,180.73883579829197,1059.575773468874,0.008442447742169856,0.03677379744025127,25.538461538461537,37.84782608695652,0.5897435897435898,0.6099365750528541,0.536,0.680327868852459,0.19402985074626866,0.5542168674698795,46.29361374028906,0.06030433211122601,18560491.612151388,638840713970477.0,0.21797163302857253,0.03699326077209388,0.008449019489699014,0.2154452690166976,0.2322484424746935,3.0,0.012169870731728413,0.011832713189074057,0.003991014571598718,0.0039910145725932,0.0044782747567847754,0.004478274759866778,1.8382352941176472,3.0,1.4523809523809523,2.0,9.0,138.0,Research
kevin007,55,26,0.4727,33,0.6,79,23,0.2911,68,0.8608,134,4,0.0727,4,1.0,4,1.0,19,0.2405,5,0.2632,15,0.7895,0,0.0,0,0.0,0,0.0,2,0.0253,2,1.0,2,1.0,82,84,95,97,44,0.8,11,0.2,67,0.8481,12,0.1519,1.375,1.2115,227.76363636363635,513.5822784810126,37932.325950413215,497126.977407467,11,0.2,9,0.1139,9,0.1636,7,0.0886,0.3599,0.517,0.877,9,27,0.16,0.34,39,0.7091,3,0.0545,51,0.6456,3,0.038,22.818181818181817,33.43037974683544,125.34876033057849,937.6375580836406,0.0005047184458517018,0.0,33.666666666666664,46.47619047619048,1.0,0.8888888888888888,0.4407894736842105,0.564625850340136,0.04477611940298507,0.2530120481927711,23.37072739239037,0.0027317426359746303,1395516.1362831602,178797766171563.2,0.0159912519711267,0.0,0.0005160720643166927,0.4214285714285714,0.36923814661631604,4.0,0.0033219983458528035,0.0032253027699434065,0.0003092890715814892,0.00030928907152217547,0.0005641895311955358,0.0005641895312410548,2.235294117647059,4.0,1.75,2.0,1.0,5.0,GradStudent
kgantt,1186,188,0.1585,588,0.4958,964,140,0.1452,719,0.7459,2150,60,0.0506,27,0.45,36,0.6,314,0.3257,21,0.0669,274,0.8726,0,0.0,0,0.0,0,0.0,0,0.0,0,0.0,0,0.0,76,80,92,92,751,0.6332,435,0.3668,640,0.6639,324,0.3361,1.3477,1.1949,475.08347386172005,497.0197095435685,105221.2687488092,524896.6292795836,55,0.0464,101,0.1048,45,0.0379,79,0.082,8.7078,7.0778,15.7856,462,378,0.39,0.39,711,0.5995,212,0.1788,640,0.6639,73,0.0757,28.761382799325467,30.269709543568464,354.3469404150157,428.23846008161036,0.026595443724349514,0.00863374556406722,22.73684210526316,36.03846153846154,0.6838235294117647,0.5395918367346939,0.5317460317460317,0.7155172413793104,0.2835820895522388,0.6265060240963856,50.947144641386394,0.0957282683117412,39858294.52090661,746689938619794.9,0.3414340756615574,0.008906459220796624,0.02659560748467692,0.384556720686368,0.23188221162596004,3.0,0.018173702438887374,0.018842941569015417,0.01826633644832855,0.018266336455336086,0.01803740093137028,0.018037400946420947,1.8529411764705883,3.0,1.380952380952381,2.0,7.0,137.0,Outreach
kkarranc,359,60,0.1671,225,0.6267,492,65,0.1321,401,0.815,851,267,0.7437,48,0.1798,169,0.633,113,0.2297,18,0.1593,98,0.8673,4,0.0111,4,1.0,3,0.75,4,0.0081,4,1.0,4,1.0,96,92,99,94,299,0.8329,60,0.1671,342,0.6951,150,0.3049,1.273,1.4088,312.39554317548755,442.0853658536585,241713.0970274905,235550.3626313701,59,0.1643,70,0.1423,58,0.1616,63,0.128,1.6423,2.2507,3.893,72,166,0.2,0.34,264,0.7354,15,0.0418,275,0.5589,27,0.0549,27.30362116991644,38.55284552845529,382.1055857729216,1035.052085398902,0.006856322075926771,0.0025472744428766464,26.3125,40.46511627906977,0.7833333333333333,0.6792682926829269,0.5491803278688525,0.664,0.2388059701492537,0.5180722891566265,48.21613421000717,0.02716532612490383,35708340.851024106,626869865370578.1,0.3236788288983959,0.002529974171765217,0.0068554474974735855,0.34906759906759904,0.26023877340767226,3.0,0.011190250821412027,0.011594387964852279,0.007307610577004109,0.007307610578195405,0.007200987477526771,0.007200987480456188,1.7941176470588236,3.0,1.488095238095238,2.0,8.0,127.0,Research
kls,119,30,0.2521,78,0.6555,143,31,0.2168,112,0.7832,262,3,0.0252,3,1.0,2,0.6667,38,0.2657,6,0.1579,30,0.7895,0,0.0,0,0.0,0,0.0,0,0.0,0,0.0,0,0.0,82,87,92,97,75,0.6303,44,0.3697,99,0.6923,44,0.3077,1.2796,1.2556,590.5966386554621,665.3286713286714,695889.7700727353,320473.5912758569,19,0.1597,19,0.1329,16,0.1345,18,0.1259,0.5766,0.6928,1.2694,41,59,0.34,0.41,78,0.6555,20,0.1681,99,0.6923,8,0.0559,24.12605042016807,32.615384615384606,184.211002047878,613.341581495428,0.0,0.0,29.0,54.26666666666666,1.0,1.0,0.41358024691358025,0.5496688741721855,0.04477611940298507,0.18072289156626506,29.64363941338993,0.001297477787950618,1435215.174254865,118263340835528.36,0.015090982447868127,0.0,0.0,1.2340425531914894,0.4555988857938719,4.0,0.0033748587507112576,0.003953519952872971,0.0018909911736567848,0.0018909911730296274,0.0026736078713881137,0.0026736078715419226,2.3823529411764706,4.0,1.7976190476190477,2.0,1.0,1.0,Outreach
krich,775,203,0.2619,399,0.5148,1790,194,0.1084,1403,0.7838,2565,0,0.0,0,0.0,0,0.0,358,0.2,30,0.0838,317,0.8855,0,0.0,0,0.0,0,0.0,0,0.0,0,0.0,0,0.0,70,79,84,92,399,0.5148,376,0.4852,846,0.4726,944,0.5274,1.4091,1.1157,281.22838709677416,393.5949720670391,120706.76977481802,106239.12589650773,108,0.1394,708,0.3955,76,0.0981,631,0.3525,3.4941,8.0703,11.5645,163,638,0.21,0.36,655,0.8452,45,0.0581,1229,0.6866,149,0.0832,30.00258064516129,30.81899441340782,314.82321914672235,421.9437732904717,0.011653195051882231,0.00010352279008995424,26.875,36.84782608695652,0.967032967032967,0.5750528541226215,0.5317460317460317,0.680327868852459,0.2388059701492537,0.5542168674698795,52.216719003831905,0.10504342174246102,38285138.09879195,601255153384262.5,0.32273579073425457,0.00010427659681391021,0.011646035728979749,0.5007649158592555,0.23164521387218254,3.0,0.025560919091771127,0.025716360421493088,0.06699187350708116,0.06699187344083729,0.06577574708696708,0.0657757469457583,1.8529411764705883,3.0,1.4523809523809523,2.0,2.0,70.0,Operations
krooks,61,15,0.2459,49,0.8033,111,21,0.1892,88,0.7928,172,13,0.2131,6,0.4615,11,0.8462,12,0.1081,7,0.5833,11,0.9167,0,0.0,0,0.0,0,0.0,0,0.0,0,0.0,0,0.0,92,90,100,96,46,0.7541,15,0.2459,91,0.8198,20,0.1802,1.0702,1.0833,220.08196721311475,575.2972972972973,44187.12442891697,336703.7044071099,15,0.2459,13,0.1171,15,0.2459,11,0.0991,0.2987,0.5436,0.8423,4,26,0.07,0.23,47,0.7705,0,0.0,55,0.4955,3,0.027,17.950819672131146,37.63063063063064,297.3910239183015,1358.1068095122146,8.417481235582911e-05,0.0,41.66666666666666,50.85714285714285,1.0,0.956043956043956,0.4557823129251701,0.5460526315789473,0.04477611940298507,0.16867469879518074,26.499250470627732,0.002095837897732487,2181628.647783612,92594112286426.8,0.024119084843372062,0.0,8.417481235582906e-05,0.4757281553398058,0.5860025921125718,3.0,0.00343028844913771,0.0036732661207081953,0.0005090448081532717,0.0005090448080298358,0.0007366843702895656,0.0007366843704821003,2.161764705882353,3.0,1.809523809523809,2.0,1.0,3.0,GradStudent
ksterne,262,122,0.4656,183,0.6985,1029,241,0.2342,875,0.8503,1291,6,0.0229,6,1.0,5,0.8333,19,0.0185,7,0.3684,17,0.8947,4,0.0153,4,1.0,3,0.75,2,0.0019,2,1.0,2,1.0,20,10,52,44,187,0.7137,75,0.2863,929,0.9028,100,0.0972,1.2476,1.0135,404.55343511450377,3903.2085769980513,165870.50668667324,103455346.33271392,77,0.2939,283,0.275,8,0.0305,16,0.0155,1.256,4.9329,6.1889,67,147,0.26,0.14,171,0.6527,13,0.0496,224,0.2177,30,0.0292,23.519083969465647,39.28765792031098,238.53971213798718,568.9959701220482,0.00024187706821273788,0.0,22.75,47.3,1.0,0.9215686274509804,0.44966442953020136,0.5608108108108109,0.059701492537313425,0.24096385542168675,23.798627187741186,0.05663400410858582,1131227.4058914792,164515244808130.7,0.011987736942944471,0.0,0.00024187706821273786,1.0571428571428572,0.4231429637924599,3.0,0.0039585249496180645,0.003995657755310357,0.0003929294745341355,0.0003929294744071785,0.0006159925813676246,0.0006159925815215235,2.1911764705882355,3.0,1.761904761904762,2.0,1.0,9.0,Research
kstraub,67,32,0.4776,47,0.7015,331,103,0.3112,279,0.8429,398,3,0.0448,3,1.0,3,1.0,22,0.0665,8,0.3636,18,0.8182,1,0.0149,1,1.0,1,1.0,1,0.003,1,1.0,1,1.0,66,28,96,46,51,0.7612,16,0.2388,320,0.9668,11,0.0332,1.1964,1.0353,288.1641791044776,1129.1752265861028,85986.97304522165,1094620.815217093,21,0.3134,141,0.426,10,0.1493,11,0.0332,0.859,4.2436,5.1026,29,85,0.43,0.26,47,0.7015,1,0.0149,67,0.2024,4,0.0121,28.402985074626866,45.764350453172206,425.07640899977724,607.817581073558,0.0006954338165030059,0.0,39.66666666666666,44.72,1.0,0.8379446640316206,0.4557823129251701,0.5804195804195804,0.04477611940298507,0.3012048192771085,25.0982086446318,0.002016890250498309,2102149.2172432714,240140415660494.7,0.022969977954777912,0.0,0.0006954338165030059,0.4734042553191489,0.332247425997426,3.0,0.0032725527832123324,0.003409579416267514,0.0005195900304813933,0.0005195900303625084,0.0005194218222635278,0.0005194218226066751,2.161764705882353,3.0,1.7023809523809523,2.0,1.0,23.0,GradStudent
leslie,2035,152,0.0747,702,0.345,502,87,0.1733,434,0.8645,2537,5,0.0025,5,1.0,4,0.8,131,0.261,20,0.1527,124,0.9466,0,0.0,0,0.0,0,0.0,0,0.0,0,0.0,0,0.0,84,91,97,98,1878,0.9229,157,0.0771,381,0.759,121,0.241,2.6532,1.1183,1064.496805896806,325.26294820717135,363808.13205367967,233389.99460326013,74,0.0364,54,0.1076,69,0.0339,48,0.0956,12.7347,3.1414,15.8761,1579,208,0.78,0.41,200,0.0983,35,0.0172,305,0.6076,46,0.0916,75.78624078624078,33.17928286852589,1017.5204003646311,578.7965429120178,0.09325779639166404,0.11325808892673768,17.15,29.842105263157894,0.3538461538461539,0.3613476490188819,0.7127659574468085,0.9021739130434784,0.5970149253731343,0.9156626506024096,52.75408567112402,0.15863748174128384,111033429.7522272,1147588178253894.8,0.7485838044084571,0.11285181632026953,0.09319657852670753,0.22595720259080104,0.17410496438660344,2.0,0.03826876811965084,0.038257819987036035,0.014677131063461687,0.014677131072315337,0.013967159830062952,0.01396715984849234,1.3823529411764706,2.0,1.0952380952380951,2.0,55.0,332.0,Operations
matthewv,163,36,0.2209,109,0.6687,210,49,0.2333,164,0.781,373,8,0.0491,5,0.625,6,0.75,45,0.2143,12,0.2667,44,0.9778,0,0.0,0,0.0,0,0.0,2,0.0095,1,0.5,2,1.0,94,89,96,92,111,0.681,52,0.319,149,0.7095,61,0.2905,1.304,1.1639,379.5582822085889,526.3809523809524,148551.17911852145,347690.86439909297,6,0.0368,25,0.119,6,0.0368,25,0.119,3.26,4.2,7.46,29,70,0.18,0.33,123,0.7546,7,0.0429,116,0.5524,16,0.0762,35.17177914110429,39.22857142857143,367.47969438066923,1002.8334693877543,0.0018366331433997925,0.0001031362225392076,30.7,43.35483870967741,0.9555555555555556,0.8054187192118226,0.5153846153846153,0.6058394160583942,0.14925373134328354,0.3734939759036145,41.04589243008796,0.00793922123284452,17310167.904933687,358377361964400.8,0.1703599116572241,0.0001048564481400302,0.0018366331433997925,0.4071462153267513,0.3321026299596008,3.0,0.00556177621495888,0.005498721450383924,0.0037836651974321204,0.003783665196723287,0.003174618520932335,0.003174618518723789,1.9117647058823528,3.0,1.630952380952381,2.0,2.0,17.0,Research
mcarrick,243,46,0.1893,143,0.5885,213,38,0.1784,165,0.7746,456,6,0.0247,5,0.8333,4,0.6667,42,0.1972,10,0.2381,33,0.7857,3,0.0123,3,1.0,3,1.0,1,0.0047,1,1.0,1,1.0,83,93,93,95,206,0.8477,37,0.1523,178,0.8357,35,0.1643,1.3135,1.0321,481.48971193415633,383.488262910798,595150.3321986828,220507.91183407183,68,0.2798,33,0.1549,50,0.2058,30,0.1408,1.2223,1.0714,2.2938,8,50,0.03,0.23,111,0.4568,5,0.0206,140,0.6573,10,0.0469,18.761316872427983,23.5774647887324,153.29282460329568,439.69939826753927,0.003492448622178585,5.025378159706517e-05,28.66666666666667,42.40625,0.9333333333333332,0.7157258064516129,0.4620689655172414,0.6194029850746269,0.08955223880597014,0.3855421686746988,37.02463306147335,0.009970146043613784,4606459.102014074,360969287851399.25,0.051104550548971714,5.02537815970652e-05,0.003496603832868269,0.2688679245283019,0.2668780665481113,4.0,0.005279187176294883,0.007118493255820505,0.0011806964251665955,0.001180696425854934,0.0018787114140273813,0.0018787114152321548,2.1323529411764706,4.0,1.5952380952380951,2.0,2.0,53.0,GradStudent
mdarden,203,43,0.2118,113,0.5567,190,33,0.1737,148,0.7789,393,0,0.0,0,0.0,0,0.0,1,0.0053,1,1.0,1,1.0,0,0.0,0,0.0,0,0.0,0,0.0,0,0.0,0,0.0,86,85,99,99,129,0.6355,74,0.3645,121,0.6368,69,0.3632,1.4,1.1988,324.76847290640393,448.9,77860.52274988472,253964.9215789469,15,0.0739,41,0.2158,12,0.0591,37,0.1947,1.1707,1.0957,2.2664,37,66,0.18,0.35,105,0.5172,13,0.064,126,0.6632,26,0.1368,20.25615763546798,25.92631578947368,124.2890630687472,323.67878116343496,0.0013833404167192696,0.0,31.625,45.523809523809526,1.0,0.7571428571428571,0.5037593984962406,0.5608108108108109,0.11940298507462685,0.2530120481927711,42.375606762718455,0.0067287818380307035,11917673.527439415,174711566511644.47,0.12023519463985807,0.0,0.0013833404167192696,0.39875173370319,0.2786715589425158,3.0,0.005817842308007051,0.005347193634861865,0.0067575046639752855,0.006757504661064596,0.006266903225960085,0.006266903219297386,1.9558823529411764,3.0,1.761904761904762,3.0,1.0,20.0,Operations
mifowler,1432,205,0.1432,785,0.5482,1471,213,0.1448,1132,0.7695,2903,723,0.5049,126,0.1743,397,0.5491,289,0.1965,47,0.1626,233,0.8062,0,0.0,0,0.0,0,0.0,4,0.0027,4,1.0,4,1.0,77,77,88,89,741,0.5175,691,0.4825,788,0.5357,683,0.4643,1.3743,1.2706,355.7143854748603,466.025152957172,304939.29482099053,323657.85048901424,219,0.1529,436,0.2964,170,0.1187,373,0.2536,6.5388,6.7169,13.2557,652,638,0.46,0.43,814,0.5684,110,0.0768,965,0.656,145,0.0986,38.09148044692738,33.781781101291635,826.8023855177732,555.3072411512703,0.017055611105216903,0.023279020570304797,23.04347826086957,36.2037037037037,0.5810276679841897,0.548265460030166,0.5982142857142857,0.7280701754385965,0.34328358208955223,0.6506024096385542,52.24697053998762,0.08360827760017349,57753860.60173266,818712174884294.6,0.4869436856976477,0.0232399853024005,0.01704932636076761,0.26124910007199426,0.21959143953603352,3.0,0.027095040459799324,0.025728409997287826,0.039279131786705175,0.03927913176018495,0.03881618401782709,0.038816183962450526,1.6470588235294117,3.0,1.3571428571428572,2.0,14.0,230.0,Research
mlapan4,80,29,0.3625,48,0.6,114,23,0.2018,94,0.8246,194,0,0.0,0,0.0,0,0.0,21,0.1842,2,0.0952,19,0.9048,0,0.0,0,0.0,0,0.0,0,0.0,0,0.0,0,0.0,81,82,95,86,62,0.775,18,0.225,97,0.8509,17,0.1491,1.2308,1.1613,306.025,620.0438596491229,97307.274375,1300618.6033394893,5,0.0625,32,0.2807,3,0.0375,24,0.2105,0.486,0.6926,1.1786,19,36,0.24,0.32,58,0.725,1,0.0125,69,0.6053,11,0.0965,34.5,43.42982456140351,520.45,1083.122268390274,0.0010674172357157412,0.0,38.0,41.77777777777778,1.0,0.7450980392156863,0.43506493506493504,0.5533333333333333,0.02985074626865672,0.21686746987951808,33.76826367235934,0.0020680179965348114,863588.9780466676,110360610593613.4,0.009652319598196865,0.0,0.001067417235715741,0.3103448275862069,0.3977368866328257,3.0,0.0038585693097082,0.003772951960157002,0.004248207135302523,0.004248207130754674,0.0040659059568859245,0.0040659059473486265,2.264705882352941,3.0,1.7857142857142858,3.0,1.0,12.0,GradStudent
mlerch,14,11,0.7857,9,0.6429,55,19,0.3455,42,0.7636,69,0,0.0,0,0.0,0,0.0,1,0.0182,1,1.0,1,1.0,0,0.0,0,0.0,0,0.0,0,0.0,0,0.0,0,0.0,79,78,79,80,6,0.4286,8,0.5714,27,0.4909,28,0.5091,1.4,1.303,121.57142857142857,498.01818181818186,28199.530612244904,289311.545123967,0,0.0,10,0.1818,0,0.0,10,0.1818,0.0864,0.3395,0.4259,2,14,0.14,0.25,9,0.6429,1,0.0714,34,0.6182,1,0.0182,23.92857142857143,32.05454545454545,60.78061224489796,405.7970247933885,0.00024426619701283447,0.0,10.0,49.06666666666667,0.0,0.8857142857142857,0.32211538461538464,0.5460526315789473,0.01492537313432836,0.18072289156626506,9.08730890229352,3.4787992377218835e-15,11253.265980930322,97688674445972.92,0.0003161451445791178,0.0,0.0002554953196800732,0.0,0.43370524130773225,4.0,0.003152305527994017,0.0027572384800866982,5.832583168709692e-06,5.8325831647985625e-06,0.0008226503217417361,0.000822650321098526,3.0588235294117645,4.0,1.809523809523809,3.0,1.0,8.0,GradStudent
mlgood3,1560,157,0.1006,990,0.6346,3027,211,0.0697,2192,0.7241,4587,20,0.0128,12,0.6,15,0.75,828,0.2735,39,0.0471,667,0.8056,2,0.0013,2,1.0,2,1.0,2,0.0007,2,1.0,2,1.0,89,87,96,95,797,0.5109,763,0.4891,1254,0.4143,1773,0.5857,1.3176,1.2125,390.53012820512816,520.4000660720185,232931.8567845993,415619.9030459164,196,0.1256,603,0.1992,171,0.1096,530,0.1751,7.5072,14.5669,22.0741,1188,1720,0.76,0.57,1190,0.7628,120,0.0769,2013,0.665,273,0.0902,28.54230769230769,30.726461843409314,460.2328254437877,579.5518699723633,0.007477428057550233,0.0020585338916809907,24.54545454545455,39.11627906976744,0.8052631578947368,0.6451219512195122,0.5630252100840336,0.664,0.3283582089552239,0.5180722891566265,53.207095089073604,0.4478415188771165,63289367.17086364,591715305455863.6,0.4814017633952989,0.002054962663850045,0.007472226730287796,0.4594442093384116,0.2623356114735425,3.0,0.04339149524422315,0.04123629058083582,0.0841984785638581,0.08419847853787096,0.08240892789622421,0.08240892784005745,1.75,3.0,1.488095238095238,2.0,10.0,70.0,Director
mryan91,80,40,0.5,62,0.775,147,59,0.4014,124,0.8435,227,1,0.0125,1,1.0,1,1.0,31,0.2109,7,0.2258,27,0.871,1,0.0125,1,1.0,1,1.0,0,0.0,0,0.0,0,0.0,50,46,81,78,58,0.725,22,0.275,135,0.9184,12,0.0816,1.1429,1.018,216.125,703.6326530612246,57200.284375,681027.8378453418,19,0.2375,20,0.1361,3,0.0375,7,0.0476,0.7561,1.3894,2.1456,15,55,0.19,0.37,44,0.55,3,0.0375,51,0.3469,3,0.0204,24.15,37.911564625850346,213.27749999999992,684.8153084362992,0.002236731080309729,0.0,30.0,44.83333333333334,1.0,0.7908496732026143,0.4267515923566879,0.5608108108108109,0.02985074626865672,0.21686746987951808,17.09209946130626,0.001643123769322597,486075.245052021,121499388068752.31,0.005735759125712525,0.0,0.002356586055309819,12.0,0.4721816342587389,4.0,0.0029113456295960364,0.003979481912548772,0.0002055225446601936,0.0002055225445978908,0.00044075890109822276,0.0004407589011464168,2.3088235294117645,4.0,1.761904761904762,2.0,1.0,14.0,GradStudent
odge,2077,240,0.1156,966,0.4651,1386,169,0.1219,1017,0.7338,3463,1210,0.5826,176,0.1455,543,0.4488,504,0.3636,41,0.0813,403,0.7996,0,0.0,0,0.0,0,0.0,5,0.0036,5,1.0,5,1.0,71,76,89,91,778,0.3746,1299,0.6254,754,0.544,632,0.456,1.4524,1.1384,445.05681271064043,438.9285714285714,556539.2129494951,233065.7474232113,204,0.0982,221,0.1595,145,0.0698,165,0.119,12.189,8.1338,20.3228,1079,681,0.52,0.49,1297,0.6245,289,0.1391,909,0.6558,100,0.0722,35.01588830043332,34.73015873015873,543.5466902677475,655.276392038297,0.011581109205253909,0.015610581622833197,24.22727272727273,37.833333333333336,0.696969696969697,0.6038647342995169,0.5877192982456141,0.6916666666666667,0.3283582089552239,0.5783132530120483,52.57790096933192,0.07863789696424464,60956990.8660744,696100097517445.1,0.4971044322177539,0.015983803309108605,0.011578586178928358,0.3807829181494662,0.2375406337873681,3.0,0.03049643414192056,0.02917602946378471,0.03699141458964077,0.03699141459284352,0.036379477608175566,0.036379477614770665,1.6764705882352942,3.0,1.4285714285714286,2.0,12.0,118.0,PM
oshea,921,108,0.1173,539,0.5852,1065,116,0.1089,781,0.7333,1986,5,0.0054,5,1.0,4,0.8,334,0.3136,26,0.0778,276,0.8263,7,0.0076,7,1.0,7,1.0,5,0.0047,5,1.0,4,0.8,89,83,92,87,663,0.7199,258,0.2801,694,0.6516,371,0.3484,1.3045,1.1376,230.78827361563518,448.37746478873237,78694.91608399017,279155.4781776105,230,0.2497,211,0.1981,198,0.215,175,0.1643,5.7925,6.6981,12.4906,225,367,0.24,0.34,710,0.7709,19,0.0206,691,0.6488,66,0.062,29.6742671009772,33.10985915492957,616.8689252229018,756.5804192289888,0.010274177266302836,0.005957871451925246,23.285714285714285,38.708333333333336,0.6428571428571429,0.6241545893719807,0.5677966101694916,0.6916666666666667,0.31343283582089554,0.5783132530120483,51.54267448885042,0.04801095472656472,52302147.57872099,727135676152486.2,0.4375471068555985,0.005970788094261636,0.010271553530943278,0.33270440251572325,0.23565756306502664,3.0,0.02089325701923256,0.01989325779030069,0.022292647008655284,0.022292647007676008,0.022134685484536745,0.02213468548362088,1.7352941176470589,3.0,1.4285714285714286,2.0,14.0,167.0,Research
pudavid,204,62,0.3039,167,0.8186,572,144,0.2517,399,0.6976,776,48,0.2353,25,0.5208,44,0.9167,79,0.1381,18,0.2278,67,0.8481,2,0.0098,2,1.0,2,1.0,2,0.0035,2,1.0,2,1.0,61,40,91,63,199,0.9755,5,0.0245,504,0.8811,68,0.1189,1.0408,1.0238,282.5,962.2167832167833,95312.77941176471,2007406.0753826604,79,0.3873,186,0.3252,44,0.2157,47,0.0822,1.3368,3.7484,5.0852,35,94,0.17,0.16,116,0.5686,2,0.0098,192,0.3357,7,0.0122,22.950980392156858,38.92832167832168,372.2721068819687,691.1084985818392,0.0025419794843913822,0.006382110150766868,27.88888888888889,42.766666666666666,0.6944444444444444,0.7328042328042328,0.4926470588235294,0.6014492753623188,0.13432835820895522,0.3614457831325301,37.54494063291964,0.022643888890976384,10493933.284608644,321081983395565.06,0.11586836420120375,0.006670457476088413,0.0025419794843913822,0.31125439624853457,0.27716924940689514,3.0,0.006177303783202524,0.005300156927111143,0.0011200605694135569,0.0011200605699549198,0.0009613531255258463,0.0009613531265969193,2.0,3.0,1.6428571428571428,2.0,3.0,19.0,GradStudent
rchase,133,54,0.406,95,0.7143,275,76,0.2764,241,0.8764,408,29,0.218,10,0.3448,25,0.8621,106,0.3855,23,0.217,96,0.9057,0,0.0,0,0.0,0,0.0,4,0.0145,3,0.75,4,1.0,83,89,95,96,119,0.8947,14,0.1053,227,0.8255,48,0.1745,1.064,1.0853,181.015037593985,446.4436363636364,33950.33060093844,303275.6868231403,3,0.0226,20,0.0727,3,0.0226,19,0.0691,0.7037,1.455,2.1587,15,91,0.11,0.33,75,0.5639,3,0.0226,139,0.5055,27,0.0982,19.601503759398497,27.701818181818187,299.99909548306863,615.765633057851,0.01636182201560363,0.00011845534233593936,33.625,36.7,0.9642857142857144,0.5531914893617021,0.5037593984962406,0.7033898305084746,0.11940298507462685,0.6024096385542169,39.79875550318911,0.0065794520506868475,12533994.624876387,706723550501563.6,0.12691480672112115,0.0001206090758329564,0.01636617517039262,0.3285638579756227,0.21006211396866384,3.0,0.005163689132863331,0.0069927316708607995,0.003475491859350324,0.0034754918568317647,0.003676337820777167,0.0036763378161038533,1.9558823529411764,3.0,1.4047619047619049,2.0,2.0,141.0,Operations
rwmcgwi,4772,545,0.1142,2603,0.5455,6381,878,0.1376,4871,0.7634,11153,225,0.0472,71,0.3156,154,0.6844,885,0.1387,69,0.078,723,0.8169,6,0.0013,6,1.0,4,0.6667,1,0.0002,1,1.0,1,1.0,71,57,86,75,2436,0.5105,2336,0.4895,4148,0.6501,2233,0.3499,1.319,1.0683,434.8912405699916,772.0730293057513,447929.41713198985,1223976.089636161,1043,0.2186,1699,0.2663,756,0.1584,993,0.1556,21.3991,28.6143,50.0135,4314,2485,0.9,0.39,3910,0.8194,177,0.0371,3228,0.5059,444,0.0696,24.134953897736803,34.713211095439576,339.9327514018948,735.3924426116118,0.05730260401274553,0.08232445227756108,18.076923076923077,31.53521126760563,0.3978978978978979,0.4079283887468031,0.67,0.8556701030927835,0.582089552238806,0.8554216867469878,53.89506300722902,0.35983618322633265,115004355.39058784,1110820525641634.0,0.7335936301748092,0.08222712591945976,0.05730258924785885,0.2547796247604617,0.17679276107909728,3.0,0.07830896992922085,0.07557073476936615,0.110858693436993,0.11085869338390196,0.10849739259841214,0.1084973924840384,1.4705882352941178,3.0,1.1547619047619049,2.0,48.0,346.0,Director
saikou,295,81,0.2746,211,0.7153,408,100,0.2451,311,0.7623,703,103,0.3492,37,0.3592,78,0.7573,68,0.1667,17,0.25,59,0.8676,3,0.0102,3,1.0,3,1.0,4,0.0098,4,1.0,4,1.0,64,67,92,88,237,0.8034,58,0.1966,303,0.7426,105,0.2574,1.0967,1.0735,278.0576271186441,624.5122549019608,187600.9492214883,1157959.107692955,62,0.2102,56,0.1373,31,0.1051,35,0.0858,1.3747,1.9012,3.2759,82,133,0.28,0.33,187,0.6339,15,0.0508,224,0.549,15,0.0368,20.12542372881356,33.181372549019606,182.73342143062342,675.0455353710107,0.011436874745267054,0.02994766427602249,32.666666666666664,37.80434782608695,0.75,0.5887949260042283,0.5193798449612403,0.680327868852459,0.13432835820895522,0.5542168674698795,41.80626501341945,0.0389143467147534,13459053.131375842,623597843638036.8,0.16432134933204864,0.02994766427602249,0.011425356888507031,0.2598934550989346,0.2092536961771809,3.0,0.008331737439451719,0.007043789233798897,0.002849647869215167,0.0028496478687693536,0.0027052111529082315,0.002705211152894554,1.897058823529412,3.0,1.4523809523809523,2.0,3.0,162.0,GradStudent
sarowe,1684,209,0.1241,933,0.554,2038,216,0.106,1546,0.7586,3722,87,0.0517,37,0.4253,69,0.7931,354,0.1737,33,0.0932,295,0.8333,0,0.0,0,0.0,0,0.0,1,0.0005,1,1.0,1,1.0,83,78,95,95,1200,0.7126,484,0.2874,1179,0.5785,859,0.4215,1.4187,1.0564,377.96971496437055,472.5235525024534,186301.03055550094,357825.9952745242,123,0.073,325,0.1595,106,0.0629,267,0.131,7.5583,9.1472,16.7056,669,911,0.4,0.45,794,0.4715,198,0.1176,1308,0.6418,156,0.0765,32.100356294536816,32.04072620215898,595.0938478540511,559.1234640457411,0.05701429402710966,0.11444107497224265,18.0,31.04109589041096,0.3725490196078432,0.39396378269617705,0.67,0.8736842105263158,0.5373134328358209,0.8795180722891567,52.89470378796109,0.22294257367413167,92310107.25609688,1140077926076555.0,0.6688166731493258,0.11380660196128305,0.05700734093982771,0.2379084967320261,0.17129198018795813,2.0,0.03775762657148226,0.034178530304891104,0.039421865497016456,0.03942186549589992,0.03841131326130035,0.03841131325807117,1.4705882352941178,2.0,1.130952380952381,2.0,30.0,357.0,PM
sdh11,355,121,0.3408,249,0.7014,517,138,0.2669,432,0.8356,872,80,0.2254,46,0.575,64,0.8,81,0.1567,20,0.2469,73,0.9012,4,0.0113,4,1.0,4,1.0,1,0.0019,1,1.0,1,1.0,52,45,68,49,273,0.769,82,0.231,447,0.8646,70,0.1354,1.1639,1.0197,332.8169014084507,917.8046421663443,463129.4509819477,1460984.1262453757,72,0.2028,146,0.2824,26,0.0732,52,0.1006,1.7035,2.4808,4.1843,83,93,0.23,0.18,244,0.6873,13,0.0366,163,0.3153,18,0.0348,25.40281690140845,38.47388781431334,529.5475976988694,786.0752369158482,0.011721531645393655,0.00045799142814068186,29.125,38.75,0.7857142857142857,0.6116642958748222,0.4962962962962963,0.6484375,0.11940298507462685,0.4819277108433735,39.57156488185268,0.00931377897476346,9401409.74390756,487710216151709.6,0.09911492425693516,0.0004706805079939409,0.01171054522416132,0.18030842230130487,0.248758377213978,3.0,0.005390473195655666,0.00775477370809062,0.002832184054492484,0.002832184052852407,0.0033576171501893434,0.003357617148293386,1.9852941176470589,3.0,1.5238095238095235,2.0,5.0,77.0,GradStudent
snyder84,10,9,0.9,5,0.5,76,21,0.2763,62,0.8158,86,0,0.0,0,0.0,0,0.0,11,0.1447,6,0.5455,11,1.0,0,0.0,0,0.0,0,0.0,0,0.0,0,0.0,0,0.0,50,50,90,88,6,0.6,4,0.4,34,0.4474,42,0.5526,1.6667,1.0769,177.1,481.39473684210526,9150.29,301682.68628808873,0,0.0,17,0.2237,0,0.0,3,0.0395,0.0479,0.3643,0.4123,0,18,0.0,0.24,10,1.0,0,0.0,53,0.6974,2,0.0263,64.0,36.21052631578947,1070.4,515.1925207756233,0.00016124940197125638,0.0,10.0,42.18181818181818,0.0,0.8363636363636363,0.32211538461538464,0.5253164556962026,0.01492537313432836,0.13253012048192772,9.087308902293756,0.0,11253.265980930006,43518808267252.84,0.00031614514457786974,0.0,0.00016124940197125638,0.0,0.2631192660550459,4.0,0.003152305527994017,0.002796047959896046,5.832583168709692e-06,5.8325831647985625e-06,0.0003723577811966065,0.00037235778139980806,3.0588235294117645,4.0,1.880952380952381,3.0,1.0,5.0,Operations
tandonr,47,18,0.383,36,0.766,179,38,0.2123,147,0.8212,226,0,0.0,0,0.0,0,0.0,37,0.2067,8,0.2162,34,0.9189,0,0.0,0,0.0,0,0.0,0,0.0,0,0.0,0,0.0,96,86,100,98,28,0.5957,19,0.4043,130,0.7263,49,0.2737,1.093,1.0171,377.91489361702133,483.3240223463688,509263.3119058397,408748.82238382037,10,0.2128,46,0.257,10,0.2128,43,0.2402,0.2324,0.8853,1.1177,16,124,0.34,0.69,37,0.7872,1,0.0213,98,0.5475,21,0.1173,26.893617021276604,31.45810055865922,420.6057039384337,621.2203114759218,0.000996657217258773,0.0,38.333333333333336,44.96,1.0,0.8300395256916996,0.4527027027027027,0.5804195804195804,0.04477611940298507,0.3012048192771085,31.72674637950327,0.0015456839354549658,2053356.056982297,241178559720856.1,0.02237141666549217,0.0,0.000995782638805587,0.3059701492537313,0.32992550324932635,3.0,0.003576935079191378,0.004055051311618109,0.003880318156476503,0.003880318153457936,0.004258882407608373,0.004258882402495293,2.176470588235294,3.0,1.7023809523809523,2.0,1.0,13.0,Research
tcc,17205,2238,0.1301,9447,0.5491,6232,1026,0.1646,4552,0.7304,23437,5466,0.3177,986,0.1804,2976,0.5445,878,0.1409,119,0.1355,714,0.8132,12,0.0007,12,1.0,11,0.9167,6,0.001,6,1.0,6,1.0,41,50,72,73,10351,0.6016,6854,0.3984,3774,0.6056,2458,0.3944,1.2727,1.0021,515.4271432723045,566.9180038510913,220644.036845341,704905.4773908801,9647,0.5607,1224,0.1964,3128,0.1818,557,0.0894,77.2217,27.9713,105.193,6075,3137,0.35,0.5,12665,0.7361,1246,0.0724,4212,0.6759,427,0.0685,29.800116245277533,31.294608472400512,503.7192443921856,520.6702661817502,0.07468507096389489,0.15225783946072882,16.475,30.41666666666667,0.33712660028449504,0.3784679089026915,0.6767676767676768,0.8645833333333334,0.5970149253731343,0.8674698795180723,54.1877494111715,0.7311131336607755,103609293.48052593,1060943817853240.6,0.7153459414243185,0.15247424345174238,0.07468590051762665,0.3823088455772114,0.1803100285354637,3.0,0.14275555187504455,0.1356029393987956,0.16107436768802266,0.16107436788150414,0.15769807141772071,0.15769807182760928,1.4558823529411764,3.0,1.1428571428571428,2.0,40.0,293.0,Director
tkoehn,391,81,0.2072,307,0.7852,537,100,0.1862,442,0.8231,928,254,0.6496,64,0.252,201,0.7913,98,0.1825,16,0.1633,88,0.898,2,0.0051,2,1.0,2,1.0,4,0.0074,4,1.0,4,1.0,72,78,94,94,353,0.9028,38,0.0972,459,0.8547,78,0.1453,1.0511,1.0173,244.9769820971867,489.20670391061446,131652.8715929382,288525.3446105513,38,0.0972,66,0.1229,34,0.087,49,0.0912,2.0798,2.8564,4.9362,58,182,0.15,0.34,232,0.5934,7,0.0179,247,0.46,30,0.0559,18.785166240409207,34.21973929236499,196.38862906443555,953.6388654813808,0.006571971670823363,0.011177618677618677,22.0,39.27906976744186,0.5256410256410257,0.6439024390243903,0.5075757575757576,0.664,0.19402985074626866,0.5180722891566265,46.3391299168044,0.05414425944938294,14434939.56474735,589675884240266.2,0.16413181005480318,0.0118441881501583,0.006569280493707601,0.3140887548470487,0.23511201629327905,3.0,0.012231228071587214,0.009728573288399444,0.0024045807939921363,0.002404580794862587,0.0023078013674524746,0.0023078013693379647,1.9411764705882355,3.0,1.488095238095238,2.0,10.0,124.0,Research
totani,7,4,0.5714,7,1.0,42,10,0.2381,36,0.8571,49,0,0.0,0,0.0,0,0.0,6,0.1429,4,0.6667,6,1.0,0,0.0,0,0.0,0,0.0,0,0.0,0,0.0,0,0.0,100,90,100,98,7,1.0,0,0.0,24,0.5714,18,0.4286,1.0,1.0,130.14285714285714,578.0952380952381,24815.265306122452,405753.514739229,1,0.1429,6,0.1429,1,0.1429,6,0.1429,0.0329,0.1974,0.2303,1,9,0.14,0.21,7,1.0,0,0.0,17,0.4048,3,0.0714,21.0,30.785714285714285,74.85714285714286,882.8826530612248,4.509909556926895e-05,0.0,9.0,60.75,0.0,0.9285714285714286,0.3435897435897436,0.5220125786163522,0.01492537313432836,0.0963855421686747,9.433124665913432,-3.2136713512442342e-18,29689.310811198196,37554377581298.6,0.0003620307866695714,0.0,4.816012015541842e-05,0.0,0.5380993150684932,4.0,0.002670274278431489,0.0022156934447245466,1.3644772546590199e-05,1.3644772558187868e-05,0.0004870437348459418,0.00048704373417999706,2.867647058823529,4.0,1.8928571428571428,3.0,1.0,2.0,GradStudent
vombo13,11,6,0.5455,11,1.0,156,30,0.1923,140,0.8974,167,0,0.0,0,0.0,0,0.0,44,0.2821,14,0.3182,39,0.8864,1,0.0909,1,1.0,1,1.0,0,0.0,0,0.0,0,0.0,100,97,100,99,10,0.9091,1,0.0909,124,0.7949,32,0.2051,1.0,1.0,178.72727272727272,780.3589743589743,62298.74380165289,517687.20447074313,4,0.3636,20,0.1282,4,0.3636,20,0.1282,0.0607,0.8609,0.9216,6,83,0.55,0.53,4,0.3636,1,0.0909,52,0.3333,11,0.0705,23.363636363636363,47.891025641025635,155.1404958677686,1013.4945348454963,0.0004975602899139241,0.0,34.0,50.22727272727273,1.0,0.8744588744588745,0.4620689655172414,0.5763888888888888,0.07462686567164177,0.26506024096385544,35.316171239415304,0.005104178647121038,4842798.131594823,226222069834923.6,0.051712935704078734,0.0,0.000497560289913924,0.4222222222222222,0.3068410066559017,3.0,0.004407484686136887,0.004431866784366647,0.0012142955624554295,0.0012142955629833821,0.0011649106837103632,0.0011649106836762186,2.1323529411764706,3.0,1.7142857142857142,2.0,1.0,22.0,GradStudent
zleffke,881,246,0.2792,594,0.6742,2055,487,0.237,1671,0.8131,2936,471,0.5346,162,0.3439,319,0.6773,171,0.0832,33,0.193,155,0.9064,7,0.0079,7,1.0,5,0.7143,1,0.0005,1,1.0,1,1.0,44,40,79,61,660,0.7491,221,0.2509,1672,0.8136,383,0.1864,1.2019,1.0,1056.7468785471056,690.3557177615573,2243827.3173143216,738181.7532702265,149,0.1691,459,0.2234,64,0.0726,149,0.0725,4.0265,9.3921,13.4186,221,638,0.25,0.31,578,0.6561,25,0.0284,743,0.3616,98,0.0477,26.221339387060162,36.594647201946465,313.87495893248933,701.4566136833179,0.016420454166855915,0.015323693150734412,22.36842105263158,36.117647058823536,0.5555555555555556,0.5467687074829932,0.5537190082644629,0.7094017094017094,0.2835820895522388,0.6144578313253012,48.79207998941713,0.04697317112004395,36269971.0537066,722236259774792.1,0.3403350663910544,0.015666876655682626,0.016410135277648074,0.2867055669452768,0.21457398323069965,3.0,0.013560167970595923,0.012058893600603356,0.005943818569844093,0.005943818575008063,0.005451320635725154,0.005451320644179648,1.7794117647058822,3.0,1.3928571428571428,2.0,12.0,137.0,Research
