total_sent,unique_addresses_sent,unique_add_sent_perc,unique_subjects_sent,unique_sub_sent_perc,total_received,unique_addresses_received,unique_add_rec_perc,unique_subjects_received,unique_sub_rec_perc,total_emails,total_sent_signed,total_sent_signed_perc,unique_addresses_sent_signed,unique_add_sent_perc_signed,unique_subjects_sent_signed,unique_sub_sent_perc_signed,total_received_signed,total_rec_signed_perc,unique_addresses_received_signed,unique_add_rec_perc_signed,unique_subjects_received_signed,unique_sub_rec_perc_signed,total_sent_encrypted,total_sent_encrypted_perc,unique_addresses_sent_encrypted,unique_add_sent_perc_encrypted,unique_subjects_sent_encrypted,unique_sub_sent_perc_encrypted,total_received_encrypted,total_rec_encrypted_perc,unique_addresses_received_encrypted,unique_add_rec_perc_encrypted,unique_subjects_received_encrypted,unique_sub_rec_perc_encrypted,inter_hume_sent,inter_hume_sent_perc,inter_hume_rec,inter_hume_rec_perc,inter_vt_sent,inter_vt_sent_perc,inter_vt_rec,inter_vt_rec_perc,sent_to,sent_to_perc,sent_cc,sent_cc_perc,rec_to,rec_to_perc,rec_cc,rec_cc_perc,avg_recipients_sent,avg_recipients_rec,avg_body_chars_sent,avg_body_chars_rec,var_body_chars_sent,var_body_chars_rec,after_hours_sent,after_hours_sent_perc,after_hours_rec,after_hours_rec_perc,after_hours_sent_hume,after_hours_sent_hume_perc,after_hours_rec_hume,after_hours_rec_hume_perc,avg_sent_per_day,avg_rec_per_day,avg_emails_per_day,attached_sent,attached_rec,avg_attachments_sent,avg_attachments_rec,sent_re,sent_re_perc,sent_fw,sent_fw_perc,rec_re,rec_re_perc,rec_fw,rec_fw_perc,avg_subject_chars_sent,avg_subject_chars_rec,var_subject_chars_sent,var_subject_chars_rec,fg_between_centrality,pg_between_centrality,pg_avg_neighbor_degree,fg_avg_neighbor_degree,pg_clustering,fg_clustering,pg_closeness_centrality,fg_closeness_centrality,pg_degree_centrality,fg_degree_centrality,pg_current_flow_closeness_centrality,fg_current_flow_closeness_centrality,pg_current_flow_betweenness_centrality,fg_current_flow_betweenness_centrality,pg_communicability_centrality,fg_communicability_centrality,pg_communicability_betweenness_centrality,fg_communicability_betweenness_centrality,pg_square_clustering,fg_square_clustering,pg_eccentricity,fg_eccentricity,pg_pagerank,fg_pagerank,pg_hubs,pg_authorities,fg_hubs,fg_authorities,pg_avg_shortest_paths_x,pg_avg_shortest_paths_y,fg_max_shortest_paths,pg_num_cliques,fg_num_cliques,pg_degree,fg_degree,Status
0.003119503,0.015692752,0.322841396,0.007130851,0.596887797,0.029773807,0.100230947,1,0.045200859,1,0.010194577,0.00215801,0.266621622,0.013388735,0.4915,0.005529354,0.5763,0.005625563,0.051423714,0.023904382,0.356367092,0.006291946,0.249001815,0,0,0,0,0,0,0.03125,0.066225166,0.03125,1,0.03125,1,0.001017122,0.023809524,0.005338563,0.068181818,0.003626444,0.711538462,0.018680726,0.206349206,0.004971839,0.843042071,0.000858014,0.156957929,0.044056885,1,0.003023178,0,0.029867314,0.160529568,0.169485936,0.230705272,0.023053714,0.014945507,0.001962299,0.389108911,0.032601075,0.622879177,0.000782779,0.055624913,0,0,0.012446414,0.115063301,0.040618292,0.003208348,0.00997741,0.33,0.051282051,0.003010321,0.6321,0.00416,0.179975176,0.007867475,0.036148484,0.011274935,0.091022444,0.093098501,0.654544148,0.076451435,0.286142552,0.051948323,0,0.951839024,0.921598329,1,1,0.204332733,0.282482482,0.028169014,0.044776119,0.337506579,0.45740869,0.001842476,8.80E-05,0.011037632,0.031483597,0.0205488,0.054814358,0.714708849,0.779201173,1,0,0.003293905,0.003225419,0,0,0.000431069,0.000431069,0.717171717,0.939393939,0,0,0,0.028169014,0.044776119,GradStudent
0,0.002271319,0.716962645,0.000101869,0.194103194,0.006435891,0.010623557,0.538961039,0.00975161,0.933390083,0.0014576,0,0,0,0,0,0,0.006075608,0.236506587,0.027888446,0.375916373,0.008389262,0.473139746,0,0,0,0,0,0,0.0625,0.496688742,0.03125,0.5,0.0625,1,0.000197774,0.678571429,0.009097347,0.852272727,0,0.884615385,0.008427083,0.984126984,0,0.06828479,0.000562147,0.93171521,0.007783223,0.745630007,0.003694995,0.254369993,0.53705663,1,0,0.169711682,0,0.004551877,6.26E-05,0.1125,0.000817948,0.145758355,0.000130463,0.08406159,0.001824448,0.196460177,0,0.00858411,0.00209755,0,0.008596888,0,0.641025641,0.000493756,0.9394,0.00032,0.125362019,0.001808053,0.203112336,0.018647008,1,0.333987215,0.891586436,0.437627292,0.634531085,0.091703474,0,0.751970971,0.657508488,1,0.970812621,0.154958266,0.361993769,0.042253521,0.119402985,0.483214187,0.603941334,0.00288315,0.002205441,0.01587155,0.067290686,0.029070585,0.110120458,0.953521078,0.899290985,1,0,0.004995918,0.004878398,0.003558455,0.003558455,0.004221398,0.004221398,0.686868687,0.893939394,0,0,0,0.042253521,0.119402985,Research
0.008009851,0.0276688,0.219228414,0.014312637,0.453562654,0.042364409,0.082678984,0.544455544,0.0425023,0.472653756,0.017266956,0.000768105,0.039594595,0.006001847,0.619,0.002114165,0.619,0.084383438,0.558648534,0.12749004,0.103584035,0.086409396,0.181125227,0.224137931,0.388059701,0.224137931,1,0.216216216,0.6154,0.25,0.370860927,0.25,1,0.1875,0.75,0.012714019,0.583333333,0.052786403,0.715909091,0.008200337,0.5,0.047033916,0.746031746,0.010234997,0.604530744,0.005177668,0.395469256,0.043768617,0.495265841,0.037369835,0.504734159,0.117283844,0.195759057,0.331868194,0.070424616,0.10629157,0.002748285,0.00041751,0.034529703,0.010399626,0.061182519,0.001174168,0.034817589,0.016217312,0.156637168,0.063149285,0.334034741,0.138298976,0.009398192,0.037399598,0.41,0.371794872,0.007071865,0.6201,0.00784,0.141497724,0.033620016,0.544982979,0.048135299,0.412094763,0.163126555,0.500475738,0.27541704,0.537474413,0.185165783,0.038348083,0.495404315,0.474473007,0.872141185,0.674486106,0.640518241,0.653850676,0.281690141,0.417910448,0.851713476,0.903085829,0.014304509,0.046820965,0.290003938,0.394391941,0.430360943,0.543926592,0.292046651,0.425430577,0,0,0.027485236,0.031381758,0.02196456,0.02196456,0.022189096,0.022189096,0.494949495,0.590909091,0,0.128787879,0.104477612,0.281690141,0.417910448,Director
0.002134397,0.002684287,0.099938763,0.00580655,0.711220311,0.01055986,0.009699769,0.292707293,0.014474088,0.8295382,0.004165804,0.000182882,0.031486486,0.001846722,0.8,0.00081314,1,0.041854185,1,0.039840637,0.067607928,0.054110738,0.436479129,0.068965517,0.396588486,0.068965517,1,0.081081081,0.75,0.1875,0.993377483,0.1875,1,0.1875,1,0.005085608,0.904761905,0.017105191,0.954545455,0.002989366,1,0.013657686,0.968253968,0.003670616,0.909708738,0.00035504,0.090291262,0.014653599,0.903313911,0.002771246,0.096686089,0.03347498,0.195187739,0.195598417,0.049210217,0.017995192,0.00160039,0.003381834,0.932549505,0.008062631,0.449357326,0.010110894,1,0.013581999,0.547787611,0.003811273,0.019317731,0.007860768,0.001782416,0.006212349,0.26,0.243589744,0.002054664,0.6,0.0008,0.048200248,0.005766224,0.367644675,0.006938422,0.218204489,0.017083837,0.39513144,0.033695752,0.676371212,0.152289687,0,0.759195118,0.649791577,1,0.879881562,0.401275461,0.707867868,0.056338028,0.149253731,0.638288862,0.74522456,0.005249641,0.000295917,0.023782837,0.101346637,0.043421824,0.169032143,0.559141094,0.798922669,1,1,0.010466853,0.010957541,0.002348444,0.002348444,0.002703554,0.002703554,0.666666667,0.848484848,1,0,0.032835821,0.056338028,0.149253731,GradStudent
0.241468277,0.10138344,0.004286589,0.197524576,0.105487305,0.63327918,0.399538106,0.083916084,0.526709598,0.279846776,0.352092389,0.191550841,0.343108108,0.116805171,0.0483,0.193690031,0.2274,0.418091809,0.185295368,0.258964143,0.03068151,0.453020134,0.239745917,0.103448276,0.006396588,0.103448276,1,0.027027027,0.1667,0.96875,0.099337748,0.75,0.7742,0.90625,0.9355,0.393343505,0.619047619,0.560004358,0.477272727,0.294820066,0.769230769,0.705342688,0.746031746,0.247718003,0.38381877,0.232373739,0.61618123,0.728211781,0.613437728,0.42937521,0.386562272,0.229971381,0.071821353,0.614436777,0.102493912,0.080612356,0.008462836,0.03438198,0.098886139,0.381631222,0.27403599,0.080756686,0.083229297,0.275086154,0.163716814,0.245587376,0.644849883,0.358189093,0.393913861,0.494477912,0.59,0.294871795,0.165344674,0.5034,0.26928,0.168804303,0.512265442,0.546441887,0.500867303,0.261845387,0.323641926,0.430497624,0.891555408,0.683881463,0.053442978,0.495575221,0.090158887,0.050321498,0.145596811,0.068327217,0.854685392,0.1996152,0.816901408,0.910447761,0.99087934,0.993973183,0.463831917,0.362313172,0.913173641,0.878887246,0.931555938,0.943056604,0.085525843,0.071974771,0,0,0.358660914,0.349669901,0.238880976,0.238880976,0.23864388,0.23864388,0.131313131,0.090909091,0,0.909090909,0.767164179,0.816901408,0.910447761,PM
0.039791251,0.067313649,0.094427434,0.059338868,0.356920557,0.152149463,0.329792148,0.604395604,0.177246243,0.640136199,0.070948044,0.013643014,0.147162162,0.035087719,0.2038,0.023255814,0.3834,0.036228623,0.061835954,0.099601594,0.203909856,0.042365772,0.317967332,0.120689655,0.042643923,0.120689655,1,0.189189189,1,0.125,0.052980132,0.09375,0.75,0.125,1,0.020398938,0.071428571,0.048537343,0.113636364,0.041083359,0.5,0.112499481,0.301587302,0.055059235,0.727508091,0.017071511,0.272491909,0.211924666,0.900764749,0.038545516,0.099235251,0.069187408,0.017622985,0.196068678,0.154572106,0.025876512,0.029290644,0.011523287,0.199381188,0.131923347,0.458611825,0.006588389,0.040921071,0.015609163,0.018289086,0.042182709,0.161770751,0.075368633,0.038986292,0.066767068,0.35,0.076923077,0.033400229,0.6121,0.02,0.075506827,0.083952306,0.286594262,0.087597572,0.167082294,0.033220753,0.45457181,0.111277249,0.466003385,0.106341027,0.081858407,0.371499258,0.459259727,0.604129438,0.608008977,0.448678564,0.516444444,0.183098592,0.402985075,0.798089944,0.872250432,0.123505861,0.18749273,0.088600094,0.358537388,0.151383103,0.50423681,0.446920952,0.257207819,0,0,0.027845278,0.027381824,0.009696917,0.009696917,0.011570434,0.011570434,0.585858586,0.606060606,0,0.03030303,0.125373134,0.183098592,0.402985075,GradStudent
0.007259294,0.012801982,0.108022045,0.009168237,0.264373464,0.025587353,0.020323326,0.191308691,0.028273536,0.580123431,0.01208342,0.000292612,0.016621622,0.002308403,0.625,0.000975768,0.75,0.056705671,0.608159796,0.059760956,0.071952213,0.055369128,0.135027223,0.068965517,0.130063966,0.068965517,1,0.108108108,1,0.09375,0.225165563,0.09375,1,0.09375,1,0.012261965,0.630952381,0.036171488,0.829545455,0.009017103,0.788461538,0.030511852,0.841269841,0.008914352,0.555825243,0.005296015,0.444174757,0.029883732,0.656409323,0.0165435,0.343590677,0.154193045,0.04728761,0.301685667,0.081716524,0.080366076,0.002436522,0.002985199,0.271410891,0.008179481,0.129562982,0.006131768,0.200027743,0.011757551,0.199705015,0.007311582,0.026083291,0.012299926,0.003467609,0.017633032,0.16,0.269230769,0.00825051,0.7945,0.00224,0.044476624,0.01876466,0.496352731,0.017346054,0.217581047,0.087761667,0.509317772,0.227259852,0.713932534,0.058922685,0.013274336,0.523206333,0.325038242,0.791163935,0.510318858,0.44113705,0.139495798,0.112676056,0.268656716,0.76476192,0.846430678,0.016839735,0.004079333,0.050556243,0.148720703,0.090974539,0.244236011,0.502319362,0.806386785,1,0,0.020588303,0.027877232,0.004107513,0.004107513,0.004742471,0.004742471,0.646464646,0.742424242,0,0.015151515,0.056716418,0.112676056,0.268656716,GradStudent
0.001325202,0.003716705,0.201102266,0.001324301,0.156101556,0.008185454,0.01108545,0.438561439,0.010916897,0.789316876,0.0029152,0,0,0,0,0,0,0.022727273,0.679345516,0.007968127,0.033532446,0.02307047,0.170417423,0,0,0,0,0,0,0,0,0,0,0,0,0.002966605,0.80952381,0.011821104,0.863636364,0.001878563,1,0.009630952,0.841269841,0.001670227,0.49012945,0.001360987,0.50987055,0.010713943,0.830116533,0.003275109,0.169883467,0.154800104,0.094355481,0.148442321,0.148333548,0.004903252,0.006970852,0.000438386,0.177970297,0.007945782,0.580205656,0.000913242,0.133028159,0.011960268,0.611504425,0.001302653,0.00858411,0.003055524,0.002203714,0.005333835,0.47,0.294871795,0.001704256,0.7329,0.00016,0.014067025,0.005277561,0.47252391,0.00650477,0.271820449,0.151208426,0.843436539,0.14594583,0.968045522,0.030049962,0.004424779,0.87718951,0.55654557,1,0.878080986,0.381839255,0.226510721,0.042253521,0.149253731,0.590148482,0.676689906,0.003449322,0.00639396,0.017090076,0.07981543,0.031771475,0.130716453,0.42822241,0.776122759,1,0,0.007057565,0.006644884,0.012063442,0.012063442,0.01116908,0.01116908,0.686868687,0.863636364,0,0,0.026865672,0.042253521,0.149253731,GradStudent
0.059669286,0.142680157,0.14206981,0.103957622,0.451760852,0.154336416,0.31408776,0.55994006,0.20484514,0.813790168,0.08617091,0.001316752,0.009459459,0.012003693,0.7222,0.003577818,0.6111,0.055580558,0.097322567,0.115537849,0.14947054,0.063338926,0.291470054,0.24137931,0.057569296,0.24137931,1,0.351351351,0.9286,0.3125,0.132450331,0.3125,1,0.3125,1,0.021981127,0,0.048646293,0.113636364,0.063969159,0.557692308,0.073726597,0,0.089221208,0.837864078,0.015177964,0.162135922,0.225425195,0.979970867,0.020826335,0.020029133,0.062371,0.014354382,0.417799667,0.300847964,0.489543424,0.026335301,0.086382899,1,0.256952559,1,0.020808871,0.086419753,0.04338131,0.098525074,0.070539262,0.182966256,0.102067956,0.03833814,0.067331827,0.23,0.076923077,0.044183231,0.5417,0.04112,0.103847745,0.046422987,0.02950235,0.042497832,0.033665835,0.069124099,0.752874592,0.118316439,0.342316411,0.255770517,0.074852507,0.315043891,0.38283665,0.697933549,0.554577465,0.573116979,0.516444444,0.225352113,0.432835821,0.815659204,0.881584377,0.086716288,0.101339344,0.116516948,0.373218947,0.193817204,0.522300555,0.561181047,0.374291145,1,0,0.032949973,0.034708427,0.006813255,0.006813255,0.007374987,0.007374987,0.565656566,0.575757576,0,0.053030303,0.191044776,0.225352113,0.432835821,GradStudent
0.264653454,0.302911419,0.054623393,0.243111088,0.143488943,0.533022994,0.476674365,0.172827173,0.346703465,0.08427325,0.34146657,0.403986832,0.660405405,0.413665743,0.0811,0.398113514,0.2216,0.707920792,0.381640459,0.430278884,0.029188162,0.695469799,0.141560799,0,0,0,0,0,0,0.28125,0.033112583,0.25,0.8889,0.25,0.8889,0.346725434,0.452380952,0.48444735,0.488636364,0.282029502,0.557692308,0.536136826,0.619047619,0.270732181,0.380906149,0.255806385,0.619093851,0.545354089,0.464129643,0.479509573,0.535870357,0.163142832,0.060565276,0.421281467,0.051110048,0.071450895,0.009694823,0.041166524,0.108044554,0.180766534,0.093830334,0.081409002,0.076570953,0.18244476,0.122418879,0.265772622,0.535876283,0.342978732,0.245519655,0.407944277,0.34,0.282051282,0.270275866,0.7508,0.31216,0.1785271,0.605404613,0.88426001,0.634431917,0.440773067,0.206382253,0.37085382,0.420988293,0.288557021,0.12015905,0.211651917,0.256849378,0.262308007,0.518991035,0.374865369,0.71765569,0.481554461,0.478873239,0.611940299,0.985215401,0.990548024,0.149035931,0.1003701,0.505131034,0.581840082,0.64307318,0.723374833,0.375029703,0.265634322,0,0,0.240980506,0.239168607,0.328775816,0.328775816,0.328888515,0.328888515,0.373737374,0.393939394,0,0.386363636,0.289552239,0.478873239,0.611940299,Director
0.025178844,0.036134627,0.078015922,0.037436968,0.353808354,0.07120095,0.086836028,0.297202797,0.076295615,0.541604597,0.037854481,0.017373811,0.294459459,0.042474608,0.1937,0.028297284,0.3663,0.136813681,0.546111347,0.111553785,0.048330166,0.136325503,0.154809437,0.155172414,0.087420043,0.155172414,1,0.243243243,1,0.5625,0.509933775,0.5625,1,0.53125,0.9444,0.042916879,0.642857143,0.105899657,0.863636364,0.032425633,0.846153846,0.086138902,0.857142857,0.031909109,0.611812298,0.015473831,0.388187702,0.082588642,0.633102695,0.047027209,0.366897305,0.116295204,0.107825418,0.178753321,0.070136832,0.026982488,0.00317354,0.008767718,0.238490099,0.048258939,0.336760925,0.019765166,0.192814537,0.070748024,0.420058997,0.025569633,0.072592164,0.038555333,0.013805619,0.050514558,0.2,0.256410256,0.025516055,0.7349,0.01088,0.064542822,0.049208366,0.435564921,0.054640069,0.252493766,0.085577477,0.524381321,0.090519176,0.742425608,0.269551528,0.261061947,0.258462613,0.211612956,0.464075652,0.28575144,0.750792009,0.44768069,0.450704225,0.686567164,0.918658555,0.945864479,0.075134738,0.034137759,0.424508286,0.660911666,0.571758033,0.789293954,0.157703937,0.137449903,0,0,0.067605576,0.066900859,0.019249341,0.019249341,0.019246539,0.019246539,0.393939394,0.318181818,0,0.325757576,0.519402985,0.450704225,0.686567164,Research
0.001184473,0.003097254,0.193998775,0.003107014,0.616052416,0.010497376,0.013394919,0.395104895,0.010732904,0.510746967,0.003449941,0,0,0,0,0,0,0.010126013,0.252231194,0.023904382,0.203502579,0.008389262,0,0.086206897,0.795309168,0.086206897,1,0.108108108,0.8,0.0625,0.331125828,0.0625,1,0.0625,1,0.003079618,0.928571429,0.01666939,0.931818182,0.001584527,0.923076923,0.013201046,0.920634921,0.002039231,0.818932039,0.0004438,0.181067961,0.010425675,0.509104151,0.009993282,0.490895849,0.036787789,0.080204356,0.264275257,0.07637205,0.151918506,0.001211244,0.000459261,0.203217822,0.001869596,0.110025707,0.001369863,0.21736718,0.004865194,0.232153392,0.001411099,0.013029452,0.004361328,0.000777781,0.003200301,0.18,0.08974359,0.001672401,0.7836,0.00048,0.046338436,0.006596951,0.440265845,0.005637467,0.172693267,0.044487305,0.39948075,0.12567647,0.716567475,0.040805215,0,0.831436583,0.564584019,1,0.933538732,0,0.341563786,0.028169014,0.149253731,0.487490848,0.647882945,0.00315385,0.004358245,0.009337407,0.081957757,0.01736749,0.133886279,0.87438487,1,1,0,0.005851249,0.007011376,0.000648177,0.000648177,0.00209777,0.00209777,0.727272727,0.863636364,0,0,0.023880597,0.028169014,0.149253731,GradStudent
0.000433916,0.003303737,0.412002449,0.001171497,0.475675676,0.00927893,0.012933025,0.438561439,0.011284882,0.687167482,0.002561581,0,0,0,0,0,0,0.005850585,0.168295793,0.011952191,0.208118382,0.010486577,0.818511797,0,0,0,0,0,0,0,0,0,0,0,0,0.001158388,0.797619048,0.01432696,0.909090909,0.000539066,0.826923077,0.011083897,0.857142857,0.000679744,0.514563107,0.00062132,0.485436893,0.008407802,0.432629279,0.010245213,0.567370721,0.149735496,0.182723103,0.056356465,0.052210431,0.002699233,0.001444796,0.000104378,0.088366337,0.00444029,0.294858612,0.000260926,0.079206547,0.008716805,0.417109145,0.00046514,0.01104368,0.003118941,0.00012963,0.004267068,0.06,0.179487179,0.000716743,0.6429,0,0,0.005961689,0.461176852,0.004770165,0.167082294,0.051095007,0.623853028,0.006292008,1,0.217902456,0.002212389,0.587621639,0.665466552,0.904105889,0.806749464,0.394610274,0.653850676,0.084507042,0.179104478,0.588791484,0.706949921,0.00911201,0.000586959,0.033865163,0.125294576,0.06208484,0.207883893,0.464587786,0.401812594,1,0,0.009132005,0.010217015,0.005467923,0.005467923,0.005887528,0.005887528,0.646464646,0.803030303,0,0.007575758,0.101492537,0.084507042,0.179104478,GradStudent
0.00188812,0.00516209,0.189344764,0.002088321,0.193939394,0.010028743,0.015704388,0.481018981,0.014719411,0.916152373,0.00383806,0,0,0,0,0,0,0.01890189,0.478963026,0.023904382,0.105213141,0.026006711,0.50508167,0.017241379,0.1108742,0.017241379,1,0.027027027,1,0.03125,0.17218543,0.03125,1,0.03125,1,0.004040233,0.785714286,0.014381435,0.852272727,0.002499306,0.903846154,0.011457512,0.80952381,0.001456594,0.124271845,0.003106601,0.875728155,0.011818968,0.696103423,0.006298287,0.303896577,0.347359292,0.110072239,0.185230779,0.123362759,0.016554302,0.007998604,0.000730643,0.223267327,0.014021968,0.817994859,0.001891716,0.207379664,0.022096088,0.897050147,0.00195202,0.010831168,0.004152822,0.001976861,0.007906627,0.31,0.358974359,0.002341361,0.7577,0,0,0.005766224,0.396984925,0.011708586,0.41084788,0.210271961,0.78772674,0.160004358,0.782982934,0.035527746,0.075589971,0.703007312,0.392701012,0.910498829,0.72403169,0.603606272,0.341563786,0.056338028,0.164179104,0.579291384,0.714655861,0.004299539,0.021105555,0.019859978,0.067343771,0.03734183,0.11215366,0.525767876,0.558519108,1,0,0.006888224,0.008926339,0.013726647,0.013726647,0.014678116,0.014678116,0.676767677,0.848484848,0,0.007575758,0.071641791,0.056338028,0.164179104,GradStudent
0.055635042,0.056163535,0.046662584,0.043600061,0.092547093,0.28695951,0.10669746,0,0.296228151,0.497127048,0.119816463,0.011411851,0.088243243,0.01800554,0.125,0.015937551,0.3141,0.618586859,0.623246919,0.139442231,0,0.653942953,0.21415608,0,0,0,0,0,0,0.1875,0.039735099,0.1875,1,0.1875,1,0.121546025,0.880952381,0.35888217,0.715909091,0.076988418,0.980769231,0.378305451,0.984126984,0.073295786,0.665048544,0.029261221,0.334951456,0.254828481,0.306809905,0.325915351,0.693190095,0.444558148,0.075386601,0.387130694,0.039592647,0.064915952,0.001400491,0.010124627,0.125618812,0.169198411,0.267095116,0.028897586,0.128589263,0.219136428,0.313864307,0.055688753,0.287936957,0.120099391,0.069416988,0.221762048,0.45,0.294871795,0.02776185,0.3649,0.13056,0.353330575,0.235877639,0.561193062,0.296183868,0.369700748,0.128554735,0.403961304,0.167125035,0.290551387,0.106420413,0.043141593,0.294307915,0.27432018,0.574031862,0.381752278,0.61906726,0.56462585,0.478873239,0.611940299,0.980274299,0.986795011,0.143099518,0.1140197,0.54902029,0.59652108,0.677668888,0.734365188,0.275901954,0.261641221,0,0,0.186259732,0.17820169,0.260659902,0.260659901,0.260416367,0.260416367,0.373737374,0.393939394,0,0.416666667,0.194029851,0.478873239,0.611940299,Director
0.000433916,0.001238902,0.237109614,0.000814954,0.311875512,0,0,0.915584416,0,0.64715897,0,0,0,0,0,0,0,0,0.127709307,0.003984064,1,0,0.092558984,0,0,0,0,0,0,0,0,0,0,0,0,0.001327909,0.892857143,0,0.943181818,0.000637078,1,0,0.968253968,0.000699165,0.537702265,0.000591733,0.462297735,0,0.95429716,0,0.04570284,0.117717457,0.037311506,0.421642454,0.055897167,0.200341702,0.006767326,0.000835021,0.707178218,0,0.811825193,0.002413568,0.733250104,0.001621731,0.916814159,0.000367147,0,0,0.000421298,0.001066767,0.19,1,0.00066896,0.6,0,0,0,0.883611606,0,0.308603491,0.123600754,0.179729339,0.025693087,0,0.061042075,0,1,1,1,0.990116837,0.262876655,0.458861789,0,0,0,0,0,0,0,0,0,0,0.503004038,0.735185424,1,1,0,0,0.001237603,0.001237603,0.001690021,0.001690021,0.818181818,1,1,0,0,0,0,GradStudent
0.087158438,0.089820359,0.047519902,0.094280039,0.204586405,0.266995751,0.272517321,0.218281718,0.260042932,0.434560545,0.137488788,0.167410388,0.828513514,0.170360111,0.0806,0.229630834,0.3085,0.344509451,0.369528262,0.250996016,0.03923432,0.342701342,0.15353902,0.5,0.08315565,0.5,1,0.567567568,0.7241,0.4375,0.105960265,0.4375,1,0.4375,1,0.162993728,0.738095238,0.282616985,0.590909091,0.115621478,0.903846154,0.306862053,0.793650794,0.124431929,0.773624595,0.030888488,0.226375405,0.288892092,0.535142025,0.212714142,0.464857975,0.223068251,0.04478809,0.515622518,0.089568809,0.133465092,0.006987194,0.00382022,0.030321782,0.133091844,0.205141388,0.010697978,0.030517409,0.099331036,0.137168142,0.124877019,0.383435177,0.197318634,0.121917231,0.272402108,0.5,0.448717949,0.046747579,0.3932,0.04544,0.078609847,0.207681783,0.515966931,0.275802255,0.369700748,0.302841444,0.55954506,0.593038826,0.46194662,0.631866902,0.553097345,0.082934741,0.036113422,0.133414256,0.04529882,0.904154763,0.640701754,0.816901408,0.970149254,0.978964767,0.985462714,0.194593003,0.091773767,0.894755182,0.971405117,0.919017964,0.989117383,0.105036452,0.024570891,0,0,0.197575041,0.18204992,0.117417514,0.117417514,0.117224427,0.117224426,0.131313131,0.03030303,0,0.856060606,0.853731343,0.816901408,0.970149254,Operations
0.014624135,0.017138138,0.062706675,0.011256558,0.087469287,0.028274181,0.028637413,0.255744256,0.032014719,0.607363269,0.018241565,0.00113387,0.032702703,0.005540166,0.3871,0.001951537,0.3871,0.056480648,0.550998725,0.071713147,0.08824328,0.060822148,0.231397459,0.017241379,0.017057569,0.017241379,1,0.027027027,1,0.09375,0.205298013,0.0625,0.6667,0.0625,0.6667,0.027151495,0.714285714,0.041346625,0.852272727,0.018050542,0.788461538,0.034829175,0.888888889,0.01386677,0.302265372,0.016331844,0.69789644,0.030316133,0.548252003,0.023009741,0.451747997,0.419998266,0.120180185,0.629828962,0.072782414,0.214335443,0.002860032,0.001711793,0.079331683,0.00853003,0.113367609,0.004305284,0.071577195,0.010743969,0.163421829,0.014796939,0.028769309,0.018546455,0.003824092,0.020205823,0.09,0.282051282,0.015513507,0.7609,0.00656,0.066197766,0.023162627,0.577078943,0.022983521,0.273690773,0.168817315,0.539402852,0.094223333,0.413776579,0.217537148,0.046091445,0.294256461,0.381111324,0.537901565,0.509547671,0.773023913,0.56462585,0.338028169,0.432835821,0.860117273,0.883941057,0.094105289,0.07505714,0.253117709,0.364692438,0.385522659,0.512056056,0.1923721,0.204521524,0,0,0.044302468,0.036402111,0.015621985,0.015621985,0.014546385,0.014546385,0.474747475,0.575757576,0,0.143939394,0.167164179,0.338028169,0.432835821,Research
0.026820687,0.039851332,0.081322719,0.028829012,0.200982801,0.115002499,0.09330254,0.154845155,0.093590923,0.265801234,0.051154005,0.02911485,0.463648649,0.060480148,0.1646,0.03285087,0.2538,0.340234023,0.851253719,0.131474104,0.013168613,0.331795302,0.134482759,0,0,0,0,0,0,0.4375,0.245033113,0.28125,0.6429,0.40625,0.9286,0.052212239,0.761904762,0.157487607,0.795454545,0.032915693,0.769230769,0.136742912,0.841269841,0.025033987,0.290614887,0.030089648,0.709385113,0.09556068,0.246722505,0.142089352,0.753277495,0.209626225,0.090411185,0.302569721,0.064398155,0.067399062,0.002898535,0.006575789,0.168069307,0.077705071,0.33059126,0.017677756,0.162019698,0.113926617,0.417699115,0.058714776,0.252659889,0.11259414,0.017338043,0.083207831,0.23,0.269230769,0.027538863,0.7453,0.02704,0.150599917,0.123876075,0.824444805,0.133130963,0.424563591,0.156362557,0.505696972,0.449562473,0.633121798,0.019254963,0.01659292,0.42832921,0.571550674,0.925710491,0.805230577,0.601633742,0.244837758,0.323943662,0.313432836,0.942687246,0.962105232,0.052618797,0.057028803,0.338465205,0.275813393,0.472276523,0.405414044,0.455143419,0.560728171,0,0,0.068250973,0.065965608,0.110938751,0.11093875,0.110973506,0.110973506,0.484848485,0.696969697,0,0.098484848,0.026865672,0.323943662,0.313432836,Director
0.00313123,0.005368573,0.117575015,0.004991596,0.364946765,0.009247688,0.010161663,0.356643357,0.010978228,0.661204512,0.004536673,0.001719093,0.211756757,0.006925208,0.3191,0.004390958,0.5745,0.024527453,0.661283468,0.039840637,0.125984252,0.025167785,0.180943739,0.051724138,0.213219616,0.051724138,1,0.054054054,0.6667,0.125,0.741721854,0.09375,0.75,0.125,1,0.007741425,0.964285714,0.015634363,0.988636364,0.004361534,0.980769231,0.012329279,1,0.004699942,0.762621359,0.001301814,0.237378641,0.011722879,0.786962855,0.004366812,0.213037145,0.105923164,0.06552586,0.201105974,0.110829214,0.023296637,0.004688258,0.00121078,0.239232673,0.004907689,0.324935733,0.0037182,0.26355944,0.010338536,0.484365782,0.005663994,0.017554922,0.008737069,0.000550928,0.00502008,0.06,0.230769231,0.003328874,0.6967,0.00128,0.055233761,0.006254887,0.490355001,0.002601908,0.08042394,0.05965081,0.514639502,0.119252117,0.700822567,0.088030658,0.007190265,0.598293674,0.592833425,0.902362359,0.89244312,0.660975534,0.44768069,0.126760563,0.23880597,0.595914529,0.709246666,0.009110667,0.010889579,0.070429431,0.187586504,0.124264237,0.2882981,0.423834605,0.562101506,1,1,0.009707977,0.010479319,0.001723661,0.001723661,0.001562944,0.001562944,0.616161616,0.787878788,1,0.007575758,0.035820896,0.126760563,0.23880597,GradStudent
0.011352175,0.034482759,0.189957134,0.018438344,0.399180999,0.046457136,0.137182448,0.867632368,0.061269549,0.80038306,0.020854895,0.003182151,0.117432432,0.023545706,0.5862,0.007968775,0.5632,0.03060306,0.182745431,0.071713147,0.175807765,0.037751678,0.377676951,0.103448276,0.12793177,0.103448276,1,0.162162162,1,0.25,0.344370861,0.25,1,0.1875,0.75,0.007232864,0.130952381,0.030451599,0.352272727,0.014424098,0.826923077,0.041886338,0.507936508,0.016158477,0.749514563,0.004585934,0.250485437,0.062650139,0.851966497,0.01536782,0.148033503,0.163368312,0.006141676,0.468478445,0.167181924,0.0620092,0.010897232,0.015781893,0.934653465,0.057490068,0.71285347,0.006979778,0.148286864,0.031218326,0.281415929,0.013176788,0.054364866,0.024414406,0.00981949,0.021335341,0.3,0.115384615,0.006020642,0.3776,0.00704,0.091021928,0.021256841,0.209434268,0.018647008,0.095386534,0.084331229,0.534789433,0.05832835,0.404723864,0.297811256,0.174778761,0.413468109,0.388494703,0.857611774,0.623713298,0.750199195,0.653850676,0.169014085,0.328358209,0.689170924,0.761195266,0.027170232,0.025543977,0.081482513,0.240492411,0.138436837,0.360804821,0.733876348,0.418392765,1,1,0.016013288,0.014821059,0.002336401,0.002336401,0.002222413,0.002222413,0.606060606,0.696969697,1,0.015151515,0.086567164,0.169014085,0.328358209,GradStudent
0.001512842,0.00289077,0.148560931,0.002546733,0.363308763,0.007185704,0.008775982,0.415584416,0.010978228,0.951266227,0.002777203,3.66E-05,0.008378378,0.000461681,1,0.000162628,1,0.015526553,0.521886953,0.027888446,0.149199023,0.02307047,0.602177858,0,0,0,0,0,0,0,0,0,0,0,0,0.003588179,0.869047619,0.010459225,0.863636364,0.001878563,0.807692308,0.008261032,0.825396825,0.001437172,0.260841424,0.002189414,0.739158576,0.008744115,0.747450838,0.004030904,0.252549162,0.164252884,0.056785783,0.123962826,0.137861974,0.01798414,0.004891661,0.000730643,0.267326733,0.005725637,0.492030848,0.001956947,0.256901096,0.010338536,0.601769912,0.001546982,0.007765414,0.003010364,0.001782416,0.004706325,0.34,0.307692308,0.001959098,0.7593,0.00016,0.012825817,0.003225176,0.323229048,0.004336513,0.205112219,0.22619175,0.950919492,0.278101376,0.81920641,0.010817578,0.004424779,0.634779262,0.627641184,0.910498829,0.890465341,0.381839255,0.341563786,0.056338028,0.089552239,0.520168662,0.612095598,0.006017655,0.000303623,0.017380671,0.04146752,0.033026458,0.072675986,0.963578384,0.754923038,1,0,0.00648986,0.005973264,0.007105338,0.007105338,0.007383074,0.007383074,0.676767677,0.893939394,0,0.007575758,0.041791045,0.056338028,0.089552239,GradStudent
0.012243462,0.020441875,0.097489284,0.016044415,0.285339885,0.06920145,0.062355658,0.192807193,0.070223858,0.481804639,0.027789278,0.000182882,0.006216216,0.002308403,1,0.00081314,1,0.149189919,0.613047174,0.135458167,0.05511811,0.153942953,0.189110708,0.051724138,0.059701493,0.051724138,1,0.081081081,1,0.25,0.231788079,0.1875,0.75,0.21875,0.875,0.025484545,0.821428571,0.099907392,0.840909091,0.015861607,0.865384615,0.087716385,0.920634921,0.012002331,0.331391586,0.01316607,0.668608414,0.066541751,0.404770575,0.069701041,0.595229425,0.242320701,0.112764029,0.86383805,0.073656086,1,0.003816167,0.003861971,0.212623762,0.036573966,0.237532134,0.010502283,0.207379664,0.053111697,0.320058997,0.01622241,0.0921886,0.037086183,0.013773212,0.078438755,0.39,0.525641026,0.011563456,0.6741,0.0112,0.134464212,0.057662236,0.579186254,0.081960104,0.435162095,0.176608185,0.610193698,0.400875133,0.780225115,0.414595985,0.007374631,0.466215845,0.420142024,0.98429804,0.616094825,0.333795027,0.627690518,0.267605634,0.492537313,0.905539353,0.939678456,0.057441299,0.075683645,0.248325189,0.495421971,0.367552104,0.642538782,0.524253259,0.403065475,0,0,0.044000709,0.045616157,0.04174065,0.04174065,0.042121182,0.042121182,0.525252525,0.515151515,0,0.022727273,0.146268657,0.267605634,0.492537313,Research
0.006051366,0.007846376,0.079485609,0.003157948,0,0.010872282,0.012471132,0.355644356,0.005090463,0,0.007132754,0.001170446,0.078783784,0.007848569,0.5313,0.00081314,0.1563,0.022727273,0.534849129,0.047808765,0.162774912,0.020553691,0.066606171,0,0,0,0,0,0,0.03125,0.158940397,0.03125,1,0.03125,1,0.009097587,0.547619048,0.010840551,0.602272727,0.006860839,0.653846154,0.010004566,0.587301587,0.004311517,0.077508091,0.009260629,0.922491909,0.007158643,0.170247633,0.016711454,0.829752367,0.501743127,0.03814651,0.306514897,0.002655507,0.124540246,0.000454454,0.004822245,0.520792079,0.008413181,0.453727506,0.009067189,0.351227632,0.010541253,0.425663717,0.008624688,0.01612656,0.010520419,0.004828726,0.003953313,0.27,0.115384615,0.006291412,0.7195,0.00272,0.064129086,0.013780297,1,0.005637467,0.16521197,0.074769782,0,0,0.02665387,0.095575706,0.064528024,0.376315355,0.723923939,0.808211777,0.987455986,0.644151259,0.361993769,0.112676056,0.089552239,0.573191596,0.645067313,0.046426977,0.070940808,0.037349103,0.048704857,0.064559275,0.08002732,0.349307415,0.921469185,1,0,0.009523404,0.008912879,0.005325415,0.005325415,0.00411276,0.00411276,0.676767677,0.924242424,0,0.015151515,0,0.112676056,0.089552239,GradStudent
0.002005395,0.006607475,0.220820576,0.004023837,0.47960688,0.01212197,0.010623557,0.267732268,0.016375345,0.814854224,0.004502173,0.00215801,0.390810811,0.005078486,0.1864,0.004878842,0.5085,0.020252025,0.434551636,0.015936255,0.068422482,0.019714765,0.131215971,0.068965517,0.417910448,0.068965517,1,0.108108108,1,0.0625,0.291390728,0.0625,1,0.0625,1,0.004548794,0.845238095,0.019502097,0.943181818,0.00269533,0.923076923,0.015650297,0.952380952,0.003107399,0.76197411,0.0008876,0.23802589,0.015518401,0.792607429,0.005458515,0.207392571,0.065614431,0.034147279,0.253877421,0.152929904,0.040547381,0.00439486,0.000709768,0.206311881,0.003622342,0.166580977,0.001761252,0.183659315,0.006486925,0.253687316,0.002063079,0.01299113,0.004830226,0.000518521,0.008910643,0.08,0.320512821,0.002659913,0.8186,0,0,0.006596951,0.355487113,0.002601908,0.044887781,0.111878312,0.942198426,0.183514915,0.872769582,0.31321653,0.024336283,0.653842982,0.537253293,0.952052944,0.672926448,0.601633742,0.66713948,0.084507042,0.23880597,0.615373083,0.705765556,0.006867416,0.000328417,0.038448014,0.171438303,0.069442226,0.276150356,0.54399567,0.458546971,1,0,0.010195424,0.009476304,0.00115432,0.00115432,0.0023332,0.0023332,0.666666667,0.742424242,0,0.007575758,0.050746269,0.084507042,0.23880597,GradStudent
0.003752785,0.00805286,0.141212492,0.004736923,0.256511057,0.015871032,0.014318707,0.253746254,0.014106102,0.373909342,0.006822259,0,0,0,0,0,0,0.015976598,0.270293243,0.015936255,0.090415422,0.014261745,0.056261343,0.034482759,0.121535181,0.034482759,1,0.054054054,1,0.03125,0.119205298,0.03125,1,0.03125,1,0.007091597,0.714285714,0.024350384,0.897727273,0.004377869,0.711538462,0.019261904,0.873015873,0.004369781,0.477508091,0.003372881,0.522491909,0.016191025,0.512745812,0.014360094,0.487254188,0.149007025,0.028307743,0.503156936,0.065179803,0.233735058,0.001050293,0.000521888,0.087623762,0.002570694,0.06092545,0.001435095,0.086419753,0.005270626,0.161946903,0.004545567,0.01965566,0.008493012,0.001004634,0.007028112,0.09,0.141025641,0.004316386,0.7677,0.00128,0.04695904,0.012216575,0.545955584,0.009973981,0.201995012,0.10675859,0.366565473,0.132193736,0.686808799,0.381027321,0.002028024,0.807356094,0.304674171,1,0.518201954,0.519152753,0.735761991,0.084507042,0.313432836,0.663159595,0.773566624,0.00710068,0.004652573,0.047913434,0.186135876,0.085652384,0.291821642,0.537520872,0.408842535,1,0,0.011596796,0.013332672,0.003375615,0.003375615,0.004346811,0.004346811,0.646464646,0.696969697,0,0,0.119402985,0.084507042,0.313432836,GradStudent
0.005230444,0.014247367,0.174035517,0.00438038,0.111711712,0.014183954,0.021247113,0.439060939,0.013738117,0.453500745,0.007443248,0,0,0,0,0,0,0.000450045,0.015299618,0,0.434292696,0.001677852,1,0,0,0,0,0,0,0,0,0,0,0,0,0.010340736,0.761904762,0.019828948,0.829545455,0.006795498,0.865384615,0.016812653,0.841269841,0.003806564,0.091262136,0.007958815,0.908737864,0.013884885,0.475418791,0.013856231,0.524581209,0.371797763,0.106468536,0.36764793,0.054460154,0.090171114,0.001415861,0.001294282,0.160148515,0.00888058,0.351413882,0.003457273,0.153419337,0.015811879,0.479646018,0.008024971,0.022432257,0.011818536,0.002722235,0.011734438,0.18,0.358974359,0.006020642,0.7891,0.00144,0.038891187,0.011727912,0.602366672,0.021682567,0.559226933,0.109359944,0.258240773,0.073774935,0.16535303,0.235138314,0.133849558,0.37853817,0.290848039,0.707400019,0.552132238,0.737262204,0.576980057,0.154929577,0.268656716,0.693584943,0.760849641,0.01736459,0.002689193,0.07122698,0.144475097,0.126128396,0.23063566,0.332847516,0.233115585,1,0,0.014852468,0.011889351,0.010698023,0.010698023,0.011032912,0.011032912,0.626262626,0.742424242,0,0.03030303,0.128358209,0.154929577,0.268656716,Research
0.002451038,0.005368573,0.151745254,0.002444863,0.162489762,0.008591602,0.009699769,0.372127872,0.010978228,0.741008725,0.003855309,0,0,0,0,0,0,0.021827183,0.627496813,0.027888446,0.102769481,0.028104027,0.425045372,0,0,0,0,0,0,0,0,0,0,0,0,0.004887834,0.75,0.012965081,0.897727273,0.003071042,0.807692308,0.01021213,0.857142857,0.001980967,0.157443366,0.003727921,0.842556634,0.009801095,0.666423889,0.005962378,0.333576111,0.327308993,0.044854012,0.071482387,0.104813461,0.001889637,0.004971476,0.001941423,0.475618812,0.007127834,0.498971722,0.004500978,0.395477875,0.013176566,0.639233038,0.002576562,0.009364483,0.004207591,0.003337978,0.00564759,0.43,0.294871795,0.002309506,0.5992,0.00032,0.017170046,0.006108288,0.524882477,0.004336513,0.16521197,0.131178501,0.693818485,0.137150757,0.838500477,0.044222781,0.048672566,0.404676819,0.459146364,0.808211777,0.841869398,0.443905891,0.263492063,0.098591549,0.179104478,0.560818339,0.665543963,0.02167257,0.025293412,0.025812136,0.092076737,0.047663504,0.150522973,1,0.760741974,1,0,0.008213004,0.007966889,0.01041302,0.01041302,0.010773099,0.010773099,0.666666667,0.833333333,0,0.015151515,0.071641791,0.098591549,0.179104478,GradStudent
0.101161018,0.069378484,0.023392529,0.134212805,0.296642097,0.287646838,0.215242494,0.126373626,0.275068997,0.415407534,0.153487891,0.195976591,0.836216216,0.122807018,0.0496,0.27630509,0.3171,0.48829883,0.488950276,0.274900398,0.026201466,0.513422819,0.208529946,1,0.142857143,1,1,1,0.6379,1,0.231788079,1,1,1,1,0.206871221,0.821428571,0.386337637,0.772727273,0.134423444,0.903846154,0.349163519,0.857142857,0.13878423,0.719902913,0.044350425,0.280097087,0.335014894,0.63219228,0.187604971,0.36780772,0.113277253,0.031867498,0.272694695,0.079072499,0.050479986,0.006026678,0.028161076,0.192821782,0.264664641,0.492544987,0.074494455,0.182965737,0.350902088,0.519764012,0.134195497,0.382397001,0.203886089,0.04498169,0.205195783,0.16,0.256410256,0.086837411,0.6296,0.06864,0.102399669,0.248924941,0.605770789,0.213790113,0.240648379,0.078566733,0.334748128,0.162874922,0.494405801,0.080099305,0.122787611,0.134822459,0.135522811,0.223714337,0.177482564,0.56415816,0.235633872,0.661971831,0.820895522,0.983856133,0.989698628,0.218261074,0.031643375,0.687856579,0.827165011,0.810759527,0.904533191,0.132478647,0.081231367,0,0,0.256781214,0.254169096,0.115084049,0.115084049,0.11552007,0.11552007,0.222222222,0.181818182,0,0.681818182,0.617910448,0.661971831,0.820895522,Research
0.003483054,0.008672311,0.163870178,0.004889726,0.303357903,0.025337416,0.032794457,0.348651349,0.023919043,0.417961268,0.009237218,0.003401609,0.380810811,0.017082179,0.3978,0.002927305,0.1935,0.03510351,0.380152996,0.051792829,0.109150149,0.037751678,0.228675136,0,0,0,0,0,0,0.03125,0.072847682,0.03125,1,0.03125,1,0.007797932,0.869047619,0.035463311,0.818181818,0.004590228,0.903846154,0.029515547,0.80952381,0.003515246,0.33802589,0.003994201,0.66197411,0.021668108,0.312454479,0.030231777,0.687545521,0.144965745,0.099618205,0.119974719,0.07368571,0.032658266,0.002221454,0.000835021,0.15,0.014489367,0.291002571,0.002544031,0.163961715,0.020677073,0.350442478,0.004465866,0.032932463,0.012098146,0.00132871,0.026292671,0.12,0.474358974,0.00442788,0.8424,0.00032,0.012618949,0.022576231,0.648565408,0.030789245,0.44201995,0.195408185,0.559234271,0.294412343,0.477426634,0.281821005,0.063606195,0.632772555,0.558931174,1,0.783147159,0.639483312,0.56462585,0.14084507,0.28358209,0.783846979,0.856159058,0.004916311,0.00239325,0.097925087,0.228890729,0.166694487,0.346018345,0.443764674,0.561271079,0,0,0.015510848,0.016423613,0.028142062,0.028142062,0.028585409,0.028585409,0.595959596,0.727272727,0,0,0.020895522,0.14084507,0.28358209,Research
0.010097338,0.012801982,0.071892223,0.019253298,0.500573301,0.016933267,0.02817552,0.48001998,0.016436676,0.451798255,0.01178155,0.011777615,0.486756757,0.018467221,0.1242,0.027321516,0.5217,0.005625563,0.092647684,0.011952191,0.215856639,0.007550336,0.436842105,0,0,0,0,0,0,0,0,0,0,0,0,0.015002543,0.535714286,0.023097456,0.806818182,0.013362301,0.903846154,0.019677031,0.825396825,0.012293649,0.552912621,0.007307909,0.447087379,0.016719516,0.474872542,0.016291569,0.525127458,0.119781459,0.093240311,0.402791806,0.03962516,0.118114365,0.002038807,0.00260944,0.173019802,0.00853003,0.266580977,0.005740378,0.136496047,0.011757551,0.307079646,0.012620188,0.021592659,0.014966303,0.01578248,0.014307229,0.54,0.371794872,0.007103721,0.4989,0.00096,0.013860157,0.016467944,0.732371535,0.012575889,0.246882793,0.163753051,0.275467889,0.15220897,0.14875323,0.023693803,0.081489676,0.480664138,0.497462971,0.74428237,0.67949135,0.713109183,0.425641026,0.183098592,0.179104478,0.755381526,0.79890994,0.021218045,0.000776828,0.113519618,0.099755069,0.19493167,0.169072135,0.348945788,0.450277582,0,0,0.019445912,0.014914404,0.011541181,0.011541181,0.011544738,0.011544738,0.565656566,0.803030303,0,0.03030303,0.11641791,0.183098592,0.179104478,GradStudent
0.002322036,0.007226925,0.207960808,0.001375236,0.031122031,0.007404399,0.017090069,0.703296703,0.005826434,0.31666312,0.003432692,0,0,0,0,0,0,0.031053105,0.999787505,0.039840637,0.096524572,0.02852349,0.079854809,0,0,0,0,0,0,0.03125,0.218543046,0.03125,1,0.03125,1,0.000819348,0.047619048,0.010459225,0.840909091,0.003267066,1,0.009174312,0.904761905,0.004214411,1,0,0,0.003122898,0,0.014444071,1,1,0.083978356,0.844229096,0.095917378,0.001259237,0.003319428,0.000542764,0.139356436,0.002921243,0.270694087,0.000130463,0.012068248,0.006081492,0.379646018,0.007055494,0.024017391,0.011542771,0.007486146,0.005459337,1,0.346153846,0,0,0,0,0.006987881,0.726373805,0.008673027,0.407107232,1,0.402863347,0.059941057,0.507305609,0.064537667,0.059734513,0.516670201,0.800914416,0.74428237,0.986315621,0.486821282,0.321508665,0.070422535,0.149253731,0.538084213,0.645804917,0.0025782,0.000118848,0.024705972,0.121097905,0.044314402,0.199821773,0.174862358,0.769572475,1,0,0.005273695,0.005149836,0.011291595,0.011291595,0.011524415,0.011524415,0.696969697,0.833333333,0,0.007575758,0.002985075,0.070422535,0.149253731,Director
0.096258942,0.071649804,0.027556644,0.116080069,0.251269451,0.415677331,0.182909931,0.020979021,0.337565164,0.259204086,0.185227351,0.013130944,0.058918919,0.033702678,0.2033,0.015774923,0.2702,0.452520252,0.310879728,0.215139442,0.01954928,0.464345638,0.184029038,0.327586207,0.049040512,0.327586207,1,0.378378378,0.7368,0.34375,0.052980132,0.34375,1,0.34375,1,0.173701757,0.702380952,0.521163589,0.715909091,0.12236797,0.826923077,0.500062269,0.857142857,0.084987376,0.243851133,0.113938282,0.756148867,0.330162391,0.194828842,0.540225059,0.805171158,0.229399011,0.058664543,0.232014835,0.069215066,0.034380387,0.002098028,0.028912594,0.208044554,0.267702734,0.303084833,0.069406393,0.179081703,0.38455301,0.386430678,0.101281617,0.438127521,0.195051012,0.253427099,0.480672691,0.95,0.538461538,0.085037589,0.6479,0.16336,0.256309475,0.401729867,0.709515319,0.416305291,0.355985037,0.177088398,0.334636695,0.404726166,0.398276033,0.288285648,0.163716814,0.270751702,0.215451781,0.492325293,0.283879269,0.638966358,0.576980057,0.492957746,0.731343284,0.984873688,0.990131949,0.129629904,0.046430448,0.533808125,0.750854588,0.670137168,0.852570268,0.148662264,0.113787699,0,0,0.232856822,0.226447623,0.324659778,0.324659778,0.324643895,0.324643895,0.363636364,0.272727273,0,0.333333333,0.528358209,0.492957746,0.731343284,PM
0.020863141,0.021680776,0.051684017,0.018081801,0.123341523,0.106192202,0.062817552,0.083416583,0.126954922,0.672696318,0.044340371,0.000804682,0.016351351,0.004155125,0.4091,0.001626281,0.4545,0.180468047,0.485550361,0.143426295,0.045750747,0.219798658,0.369509982,0,0,0,0,0,0,0,0,0,0,0,0,0.047267899,0.916666667,0.120934793,0.647727273,0.028358136,0.961538462,0.139316701,0.984126984,0.030180618,0.782038835,0.007219148,0.217961165,0.111511483,0.502549162,0.090527377,0.497450838,0.419096349,0.030038179,0.235390955,0.044414455,0.084301935,0.002321671,0.002358934,0.077227723,0.039378359,0.125449871,0.006784083,0.079622694,0.043178593,0.156932153,0.020858131,0.106698671,0.04449727,0.055903037,0.073857932,0.95,0.243589744,0.006323267,0.2191,0.14016,1,0.066409304,0.36472686,0.086730269,0.273690773,0.131942528,0.580971278,0.152742613,0.380066084,0.046370597,0.226032448,0.364974222,0.302348582,0.665092394,0.417564209,0.779747191,0.226510721,0.408450704,0.611940299,0.930350454,0.953567268,0.036430795,0.020461711,0.468047354,0.615749792,0.620525661,0.749699861,0.251991119,0.216713292,0,0,0.06257846,0.060827318,0.046360584,0.046360584,0.046365187,0.046365187,0.404040404,0.393939394,0,0.310606061,0.289552239,0.408450704,0.611940299,Operations
0.033692975,0.027462317,0.034537661,0.025365456,0.081081081,0.09032117,0.096997691,0.245254745,0.081079423,0.356458821,0.049394535,0.032626189,0.414864865,0.053093259,0.1289,0.041470158,0.2859,0.152340234,0.480662983,0.107569721,0.039641597,0.143036913,0.099274047,0,0,0,0,0,0,0.25,0.178807947,0.25,1,0.25,1,0.056506753,0.630952381,0.093860653,0.579545455,0.038551383,0.653846154,0.097056748,0.698412698,0.027325694,0.173139159,0.043936211,0.826860841,0.098251177,0.547705754,0.071044676,0.452294246,0.216910936,0.047029417,0.268677489,0.061713818,0.024250627,0.003169882,0.005156253,0.10519802,0.028628184,0.09151671,0.013176778,0.096407269,0.03040746,0.127138643,0.156407238,0.42308791,0.231441535,0.026347344,0.065763052,0.28,0.269230769,0.033320591,0.7199,0.02672,0.11894911,0.081948788,0.652293727,0.070251518,0.256857855,0.161974925,0.554410991,0.256459895,0.50978478,0.033269392,0,0.457094448,0.595022945,0.912823535,0.895931142,0.345644218,0.122962963,0.281690141,0.268656716,0.912014407,0.941977974,0.024131674,0.017862859,0.279746745,0.224603986,0.416374867,0.339076014,0.58722382,0.772435898,0,0,0.046975657,0.04682913,0.045266206,0.045266206,0.0454255,0.0454255,0.494949495,0.742424242,0,0.090909091,0.014925373,0.281690141,0.268656716,PM
0.127383605,0.11521784,0.038334354,0.136708603,0.201474201,0.440108723,0.345496536,0.136863137,0.356516406,0.257075974,0.214862347,0.078895391,0.267567568,0.078024007,0.0783,0.070092698,0.1998,0.493924392,0.320866978,0.310756972,0.031224545,0.484060403,0.139201452,0,0,0,0,0,0,0.28125,0.039735099,0.28125,1,0.28125,1,0.203367802,0.595238095,0.449801166,0.568181818,0.142329745,0.615384615,0.428494334,0.571428571,0.118896873,0.293203883,0.140802982,0.706796117,0.465744211,0.505826657,0.368911656,0.494173343,0.183817535,0.038536545,0.418084244,0.042142387,0.055215639,0.003446235,0.041813665,0.227475248,0.383968217,0.459383033,0.084670581,0.165210154,0.368943848,0.34719764,0.128101641,0.443255691,0.216188897,0.099847684,0.287838855,0.28,0.217948718,0.124585882,0.7179,0.14048,0.166735623,0.448250586,0.763170692,0.407632264,0.322319202,0.175166605,0.460320949,0.284558643,0.466260421,0.015438988,0.197271386,0.241464621,0.26657083,0.481043633,0.383142402,0.701293049,0.182069623,0.492957746,0.552238806,0.983734642,0.989646524,0.179498008,0.184606916,0.514183912,0.483733133,0.651122774,0.636100381,0.368534432,0.233557318,0,0,0.216074581,0.215524316,0.310307687,0.310307686,0.310413827,0.310413826,0.363636364,0.454545455,0,0.318181818,0.170149254,0.492957746,0.552238806,Research
0.020136038,0.018583523,0.043968157,0.022411246,0.214578215,0.06892027,0.041570439,0.094905095,0.07316774,0.531176846,0.03351618,0.032040966,0.676486486,0.030009234,0.0742,0.029760937,0.2089,0.120387039,0.495750106,0.131474104,0.069915829,0.128775168,0.225589837,0.568965517,0.402985075,0.431034483,0.7576,0.540540541,0.6061,0.75,0.701986755,0.6875,0.9167,0.71875,0.9583,0.04577047,0.928571429,0.113090374,0.965909091,0.027459693,0.961538462,0.089293869,0.968253968,0.027791804,0.717961165,0.009023936,0.282038835,0.083357356,0.690458849,0.039553242,0.309541151,0.219928887,0.024242591,0.288146548,0.057526616,0.093636855,0.001555612,0.005615515,0.190222772,0.035522318,0.228791774,0.016438356,0.199750312,0.060409487,0.368436578,0.021580666,0.07424349,0.036077284,0.005347247,0.051079317,0.09,0.282051282,0.018189348,0.6526,0.00528,0.039098055,0.054681392,0.538985249,0.058976583,0.291147132,0,0.417580192,0.142905566,0.868035493,0.141007969,0.72640118,0.201731816,0.315213471,0.360251235,0.428689217,1,0.528308208,0.535211268,0.626865672,0.928415405,0.95015726,0.083093885,0.044296435,0.526163862,0.648550707,0.667373738,0.774912619,0.157997263,0.144637184,0,0,0.073977897,0.068813737,0.026874704,0.026874704,0.025372505,0.025372505,0.333333333,0.378787879,0,0.356060606,0.495522388,0.535211268,0.626865672,Research
0.003166413,0.007846376,0.164605021,0.003565426,0.207862408,0.010497376,0.016628176,0.483016983,0.009812941,0.430517131,0.004907542,0.001609364,0.196216216,0.008310249,0.4091,0.002602049,0.3636,0.020927093,0.508499788,0.03187251,0.121775726,0.01761745,0.008348457,0.034482759,0.140724947,0.034482759,1,0.054054054,1,0.1875,1,0.09375,0.5,0.09375,0.5,0.00644177,0.773809524,0.014926186,0.840909091,0.004149174,0.884615385,0.013450122,0.952380952,0.004505729,0.695631068,0.00168644,0.304368932,0.011434611,0.605061908,0.008229762,0.394938092,0.181545399,0.01581564,0.166411478,0.054493847,0.022346528,0.003042198,0.001482162,0.289975248,0.003739191,0.213367609,0.00332681,0.233458177,0.004865194,0.232153392,0.004691904,0.016123076,0.00762728,0.002009269,0.003639558,0.2,0.115384615,0.003647426,0.7558,0.00304,0.129706247,0.010652854,0.778246069,0.003035559,0.078553616,0.093987176,0.323836413,0.078182327,0.479692177,0.054487105,0,0.547630829,0.538516477,0.936070592,0.78977519,0.479692229,0.254123457,0.070422535,0.23880597,0.547807911,0.689071401,0.005345869,0.006579796,0.025285026,0.170024947,0.045931615,0.265739656,0.605616407,0.62739911,1,0,0.00771527,0.009096033,0.000709056,0.000709056,0.001417209,0.001417209,0.686868687,0.772727273,0,0.007575758,0.026865672,0.070422535,0.23880597,GradStudent
0.064653454,0.076398926,0.058297612,0.05913513,0.141687142,0.144307673,0.11778291,0.154345654,0.118736584,0.274100873,0.087067895,0.010460863,0.06972973,0.023084026,0.1748,0.014636526,0.3147,0.345634563,0.689757756,0.15936255,0.018870486,0.353607383,0.180943739,0,0,0,0,0,0,0.09375,0.039735099,0.09375,1,0.09375,1,0.11824038,0.714285714,0.199542409,0.795454545,0.082673114,0.846153846,0.174270414,0.857142857,0.068945426,0.421682848,0.058640788,0.578317152,0.148986259,0.479788784,0.127477326,0.520211216,0.2531437,0.032092729,0.429071837,0.049061263,0.037533926,0.002769397,0.005866021,0.062747525,0.054218275,0.125449871,0.014677104,0.056318491,0.077234948,0.212979351,0.105916032,0.237442604,0.143109025,0.07045403,0.111006526,0.39,0.294871795,0.054169852,0.6132,0.15488,0.360984692,0.155492572,0.824606905,0.168256722,0.428304239,0.172921508,0.321847156,0.236490176,0.242363248,0.172106556,0.091814159,0.302418357,0.18895684,0.592615362,0.260783451,0.507344941,0.282482482,0.422535211,0.701492537,0.959926651,0.974650816,0.14160817,0.177484202,0.431914876,0.670926913,0.573182789,0.800087614,0.253444774,0.217766522,0,0,0.106770783,0.111840251,0.10556873,0.10556873,0.10568028,0.10568028,0.414141414,0.303030303,0,0.174242424,0.346268657,0.422535211,0.701492537,Outreach
0.021672335,0.017551105,0.035884874,0.025416391,0.236855037,0.078105474,0.043879908,0.078921079,0.077767556,0.461161949,0.037181743,0.050914411,1,0.036472761,0.0568,0.063262319,0.2795,0.144689469,0.52719932,0.139442231,0.059462395,0.16442953,0.290381125,0.431034483,0.28358209,0.431034483,1,0.378378378,0.56,0.53125,0.437086093,0.53125,1,0.46875,0.8824,0.05071481,0.952380952,0.125183854,0.943181818,0.029599621,0.961538462,0.098219104,0.920634921,0.029811614,0.714401294,0.009822776,0.285598706,0.082924954,0.518754552,0.06499832,0.481245448,0.182100425,0.051319801,0.25503087,0.0388171,0.110173348,0.00166194,0.006680166,0.210519802,0.050011685,0.310539846,0.02035225,0.230129005,0.080883844,0.438348083,0.021996156,0.07963643,0.037870242,0.011569498,0.049824297,0.19,0.217948718,0.022187181,0.7406,0.0088,0.060405461,0.071149335,0.65683255,0.060277537,0.25436409,0.138332943,0.659422676,0.256541096,0.886710235,0,0.123156342,0.351768793,0.397314382,0.689170812,0.548910535,0.683610562,0.254123457,0.408450704,0.507462687,0.933375696,0.956530527,0.105089395,0.124748997,0.449954867,0.502328739,0.589100392,0.650564186,0.217215094,0.322710597,0,0,0.069532446,0.07097751,0.046967801,0.046967801,0.046144337,0.046144337,0.424242424,0.5,0,0.21969697,0.152238806,0.408450704,0.507462687,Research
0.006426645,0.012389015,0.120146969,0.006519635,0.174774775,0.02040115,0.022170901,0.294205794,0.021097823,0.51117259,0.010039329,0.000292612,0.018648649,0.003231764,0.875,0.000325256,0.25,0.038478848,0.510837229,0.035856574,0.067200652,0.037332215,0.128856624,0,0,0,0,0,0,0,0,0,0,0,0,0.013279087,0.80952381,0.030669499,0.886363636,0.008429031,0.884615385,0.025945452,0.936507937,0.007185861,0.451294498,0.005828575,0.548705502,0.020707216,0.496176256,0.018642929,0.503823744,0.290295725,0.039289148,0.518940163,0.103421678,0.141478763,0.002240269,0.001753544,0.178960396,0.010399626,0.26066838,0.004761905,0.174226661,0.018244476,0.386135693,0.006866041,0.022111747,0.010877858,0.006157436,0.016440763,0.33,0.333333333,0.005670234,0.6127,0.01136,0.252792718,0.019497654,0.71372994,0.019080659,0.324812968,0.092172794,0.401567251,0.13927865,0.376475369,0.016631672,0.092551622,0.622739018,0.790422125,0.938976475,0.914025822,0.718796249,0.244837758,0.14084507,0.104477612,0.756904627,0.828240025,0.006434982,0.000293541,0.092890188,0.071213787,0.159748999,0.121651331,0.652662958,0.796934404,1,0,0.014118505,0.013541634,0.015535882,0.015535882,0.015913832,0.015913832,0.606060606,0.878787879,0,0.007575758,0.002985075,0.14084507,0.104477612,Outreach
0.046980181,0.097253768,0.120146969,0.036774818,0.092219492,0.281929518,0.208314088,0.123376623,0.28850046,0.487550543,0.11206272,0,0,0,0,0,0,0.440819082,0.449638759,0.28685259,0.032989411,0.490771812,0.268602541,0,0,0,0,0,0,0,0,0,0,0,0,0.079024693,0.642857143,0.387372664,0.795454545,0.054363984,0.673076923,0.341234588,0.857142857,0.041192465,0.237216828,0.056333028,0.762783172,0.205102335,0.117989803,0.399311387,0.882010197,0.385187755,0.022918669,0.213227501,0.025777412,0.030522648,0,0.011022274,0.161757426,0.416919841,0.87403599,0.025114155,0.132195866,0.643624569,1,0.047095423,0.283404519,0.112528802,0.026250122,0.196912651,0.2,0.243589744,0.054902523,0.8534,0.03072,0.098262309,0.300136826,0.810828335,0.329575022,0.430798005,0.176200289,0.333014279,0.198782056,0.201624606,0.29891301,0.212942478,0.278000535,0.192098929,0.583092838,0.260663412,0.683064156,0.694145759,0.38028169,0.686567164,0.978610304,0.98654084,0.166292427,0.250697062,0.335271523,0.64253326,0.474511238,0.776989895,0.522134995,0.153651507,0,0,0.176851374,0.179726034,0.426118197,0.426118196,0.426411985,0.426411984,0.444444444,0.318181818,0,0.098484848,0.420895522,0.38028169,0.686567164,Operations
0.003096048,0.004129672,0.094182486,0.006825243,0.569205569,0.016714571,0.013394919,0.21978022,0.015394051,0.403702916,0.006572138,0.001719093,0.213783784,0.005078486,0.234,0.003903074,0.5106,0.01530153,0.246918827,0.027888446,0.151506924,0.014261745,0.092558984,0.051724138,0.215351812,0.051724138,1,0.081081081,1,0.0625,0.225165563,0.0625,1,0.0625,1,0.007232864,0.904761905,0.027128616,0.954545455,0.00419818,0.942307692,0.021545104,0.952380952,0.004428044,0.700323625,0.001627267,0.299676375,0.020515038,0.73015295,0.009069533,0.26984705,0.058988813,0.002483039,0.185667119,0.055152282,0.021167713,0.001350747,0.001189905,0.2375,0.005842487,0.172493573,0.003652968,0.261617423,0.011757551,0.31120944,0.003310856,0.018345747,0.007224681,0.001069449,0.004706325,0.11,0.038461538,0.003265163,0.6902,0.00016,0.007033513,0.013487099,0.578699951,0.00954033,0.178304239,0.052351599,0.278029034,0.290025229,0.680618971,0.016694719,0.206858407,0.648643786,0.689340745,0.97559059,0.915052817,0.832240278,0.272944694,0.126760563,0.119402985,0.654416981,0.751888621,0.005816821,0.000319473,0.078869357,0.073628118,0.13720211,0.125789985,0.45880205,0.904116231,0,0,0.010688738,0.010829129,0.003285075,0.003285075,0.003904269,0.003904269,0.606060606,0.863636364,0,0.007575758,0.017910448,0.126760563,0.119402985,GradStudent
0.015362965,0.054098699,0.221800367,0.025721999,0.42031122,0.158804049,0.220785219,0.344655345,0.212204845,0.823579485,0.054819568,0.000585223,0.016081081,0.006463527,0.875,0.000975768,0.375,0.021377138,0.031449214,0.055776892,0.201194678,0.025587248,0.340108893,0.189655172,0.174840085,0.189655172,1,0.189189189,0.6364,0.25,0.105960265,0.25,1,0.21875,0.875,0.005961462,0.011904762,0.021899003,0,0.009964552,0,0.093196065,0.126984127,0.018236551,0.530097087,0.011538803,0.469902913,0.222398386,0.909686817,0.03812563,0.090313183,0.126094875,0.003032384,0.340531024,1,0.05070356,1,0.008600714,0.37970297,0.173171302,0.610025707,0.003392042,0.053682896,0.010338536,0.001179941,0.016333469,0.169828806,0.058581507,0.013027838,0.050451807,0.3,0,0.01435079,0.6709,0.01344,0.129292511,0.057808835,0.094018479,0.076756288,0.125935162,0.10292032,0.605032003,0.153222905,0.35989084,0.027603116,0.005162242,0.585815603,0.583505291,1,0.838563993,0.556232356,0.436607622,0.112676056,0.208955224,0.584680906,0.675412111,0.066269618,0.10421926,0.054612568,0.146957865,0.093341604,0.232172668,0.632642434,0.617598234,1,0,0.011591965,0.011305047,0.002448189,0.002448189,0.002233151,0.002233151,0.646464646,0.803030303,0,0,0.023880597,0.112676056,0.208955224,Research
0.002861499,0.010324179,0.235517453,0.006468701,0.583456183,0.046832042,0.09330254,0.555944056,0.067402637,0.925728878,0.014714,0.000585223,0.078108108,0.005540166,0.75,0.001138396,0.4375,0.02610261,0.154058649,0.055776892,0.162774912,0.02852349,0.243738657,0.155172414,0.692963753,0.155172414,1,0.135135135,0.5556,0.25,0.337748344,0.1875,0.75,0.21875,0.875,0.005085608,0.654761905,0.023260881,0.25,0.003740791,0.884615385,0.02789655,0.158730159,0.004136726,0.707928803,0.001479334,0.292071197,0.069088114,0.995994173,0.005122607,0.004005827,0.067973289,0.000933886,0.192820261,0.245852966,0.020169303,0.010064092,0.001315158,0.281435644,0.065903248,0.824678663,0.002413568,0.185323901,0.008716805,0.069026549,0.008790623,0.137418914,0.044094671,0.002300937,0.018511546,0.26,0.076923077,0.002866972,0.6498,0.00128,0.059784857,0.011581314,0,0.014310494,0.054239401,0.12243267,0.883755435,0.256082477,0.376498459,0.078112668,0.088495575,0.677321458,0.592665,0.970166276,0.909868936,0.692403657,0.458861789,0.112676056,0.268656716,0.577690761,0.691663285,0.006255613,0.008717939,0.065362833,0.224486444,0.115125383,0.338570273,0.526633868,0.600041301,1,0,0.008567755,0.009537158,0.001428064,0.001428064,0.001658759,0.001658759,0.626262626,0.742424242,0,0.007575758,0.059701493,0.112676056,0.268656716,GradStudent
0.12229389,0.042948586,0,0.067080935,0.004258804,0.083916521,0.072979215,0.178821179,0.08991107,0.540966163,0.112787208,0.000877835,0.003108108,0.007848569,0.7083,0.002114165,0.5417,0.168541854,0.572885678,0.123505976,0.041270703,0.210989933,0.402359347,0,0,0,0,0,0,0,0,0,0,0,0,0.255890829,0.845238095,0.133246173,0.931818182,0.167012431,0.961538462,0.109053925,0.968253968,0.187822878,0.879935275,0.022959259,0.120064725,0.095320457,0.60396941,0.058951965,0.39603059,0.875865059,0.013063422,1,0,0.116135123,0.00048949,0.008391959,0.047524752,0.029562982,0.116195373,0.024331376,0.049521432,0.048043787,0.232448378,0.170574409,0.117794608,0.157659276,0.263862333,0.067394578,0.78,0.320512821,0.017281473,0.1037,0.03712,0.0459247,0.08165559,0.719403469,0.096270598,0.418952618,0.778502881,0.420789263,0.846012654,0.340340995,0.006841297,1,0,0.026926623,0,0.032008946,0.787142444,0,1,0.970149254,0.987336186,0.990453004,0.470591746,0.101916481,1,0.956574579,1,0.980878499,0.082089137,0.031816672,0,0,0.327999941,0.286132246,0.09166593,0.09166593,0.09132439,0.09132439,0,0.03030303,0,1,0.779104478,1,0.970149254,Operations
0.007880849,0.009911212,0.073729333,0.009371976,0.238493038,0.030742314,0.029099307,0.231268731,0.028764183,0.406469462,0.013963638,0.002560351,0.134189189,0.012927054,0.4,0.003577818,0.3143,0.053105311,0.478113047,0.071713147,0.094895466,0.061241611,0.304355717,0.103448276,0.181236674,0.103448276,1,0.054054054,0.3333,0.3125,0.635761589,0.21875,0.7,0.21875,0.7,0.01774312,0.892857143,0.048373917,0.920454545,0.010225918,0.865384615,0.038233218,0.904761905,0.008953195,0.472168285,0.006804935,0.527831715,0.030796579,0.467771304,0.028804165,0.532228696,0.276159917,0.037657593,0.354440691,0.053784225,0.065344008,0.002230684,0.000960274,0.080693069,0.009114279,0.106426735,0.002674494,0.080732418,0.017230894,0.238643068,0.036355393,0.143738547,0.066109818,0.004050945,0.021711847,0.18,0.269230769,0.008282365,0.7376,0.00464,0.085022755,0.026534402,0.618252553,0.031656548,0.365336658,0.252772255,0.655409237,0.285191588,0.780039031,0.004193434,0.102876106,0.44855682,0.531894327,0.752694134,0.790123807,0.629208501,0.122962963,0.253521127,0.313432836,0.815992675,0.853953609,0.016307234,0.019477729,0.213559286,0.261983821,0.336483782,0.388076413,0.338529231,0.534473995,0,0,0.022753655,0.019604328,0.017295697,0.017295697,0.01652502,0.01652502,0.515151515,0.696969697,0,0.068181818,0.056716418,0.253521127,0.313432836,Research
0.013134748,0.012595499,0.04898959,0.016655631,0.27010647,0.030867283,0.030484988,0.243756244,0.028886845,0.406682273,0.017862071,0.00113387,0.036351351,0.006001847,0.4194,0.002602049,0.5161,0.047254725,0.423714407,0.067729084,0.102362205,0.042365772,0.05862069,0.24137931,0.257995736,0.24137931,1,0.189189189,0.5,0.28125,0.569536424,0.28125,1,0.28125,1,0.026953721,0.80952381,0.049844746,0.954545455,0.017152098,0.884615385,0.039104986,0.936507937,0.019343562,0.799352751,0.004230894,0.200647249,0.038820025,0.752731245,0.015115888,0.247268755,0.154904171,0.005152855,0.438641831,0.019439384,0.170619943,0.001123047,0.006742793,0.346658416,0.018579107,0.303598972,0.016568819,0.305590234,0.032029191,0.442772861,0.014666282,0.034775399,0.020106886,0.001847231,0.015562249,0.05,0.153846154,0.008139016,0.4432,0.00464,0.052130741,0.03303362,0.820230183,0.014310494,0.125935162,0.060772709,0.101189869,0.097026342,0.361464447,0.123697642,0.172566372,0.342856151,0.339354337,0.568196107,0.521397616,0.674912208,0.540291807,0.23943662,0.447761194,0.843901341,0.895964061,0.037875706,0.005691178,0.142916562,0.36853802,0.244240397,0.515882757,0.326783641,0.232498164,0,0,0.036087024,0.034159816,0.011000809,0.011000809,0.011346638,0.011346638,0.525252525,0.560606061,0,0.053030303,0.271641791,0.23943662,0.447761194,GradStudent
0.011668817,0.020028908,0.100918555,0.011511231,0.166748567,0.026305924,0.025404157,0.243756244,0.027108249,0.504788253,0.015524736,0,0,0,0,0,0,0,0,0,0.660602769,0.000419463,0.546279492,0,0,0,0,0,0,0,0,0,0,0,0,0.024495677,0.833333333,0.037478891,0.829545455,0.016106637,0.980769231,0.034621612,0.984126984,0.012604389,0.425404531,0.010799136,0.574595469,0.023734025,0.362709395,0.029224051,0.637290605,0.281137802,0.047946823,0.280176926,0.040849223,0.02613105,0.001437079,0.001586539,0.091460396,0.015541014,0.301799486,0.003783431,0.078235539,0.027163998,0.44159292,0.015002071,0.0343016,0.020223149,0.007648184,0.024912149,0.23,0.41025641,0.00858499,0.5243,0.01248,0.157012826,0.026192338,0.748905819,0.04509974,0.651496259,0.062539964,0.192827493,0.063201741,0.152571466,0.349391649,0.002212389,0.589537133,0.367481252,0.95118118,0.447486644,0.503020327,0.653850676,0.126760563,0.268656716,0.84414465,0.892779934,0.008453526,0.000559989,0.078247555,0.162965956,0.133776335,0.267170153,0.273085364,0.357634309,1,0,0.023325528,0.023787325,0.039382872,0.039382872,0.037266247,0.037266247,0.646464646,0.712121212,0,0.007575758,0.125373134,0.126760563,0.268656716,Operations
0.083452562,0.092091679,0.052541335,0.074568329,0.133824734,0.226412147,0.187066975,0.153846154,0.20484514,0.360289423,0.123559649,0.127761522,0.66027027,0.129270545,0.0802,0.124410473,0.219,0.335508551,0.42520187,0.3187251,0.056204181,0.322147651,0.119963702,0,0,0,0,0,0,0.5,0.145695364,0.4375,0.875,0.46875,0.9375,0.154206928,0.726190476,0.304080187,0.772727273,0.102291847,0.769230769,0.268794886,0.825396825,0.071742086,0.221197411,0.101807746,0.778802589,0.183290093,0.21576839,0.288209607,0.78423161,0.347671494,0.057313154,0.308820079,0.047541966,0.104669397,0.001629289,0.024152976,0.200247525,0.232764665,0.566838046,0.059817352,0.177971979,0.347658626,0.662241888,0.084813572,0.230516788,0.125680046,0.109602359,0.192896586,0.47,0.346153846,0.067007518,0.5885,0.07232,0.130740588,0.234655981,0.782136489,0.273633998,0.448254364,0.294701381,0.459976369,0.706668054,0.329924124,0.237704001,0.074115044,0.248874002,0.117110364,0.440164743,0.15693772,0.618563657,0.627690518,0.521126761,0.805970149,0.977907568,0.985605108,0.107826286,0.013626742,0.583321445,0.776595622,0.724363579,0.87390825,0.184688643,0.099283927,0,0,0.17661868,0.172940329,0.245691435,0.245691434,0.245730413,0.245730412,0.323232323,0.196969697,0,0.553030303,0.620895522,0.521126761,0.805970149,Research
0.004726164,0.010530663,0.143172076,0.005704681,0.24029484,0.015214946,0.025404157,0.487012987,0.017724624,0.640774633,0.007357,3.66E-05,0.003108108,0.000461681,1,0.000162628,1,0.026552655,0.46281343,0.03187251,0.0931306,0.03397651,0.419782214,0,0,0,0,0,0,0,0,0,0,0,0,0.009521388,0.773809524,0.021354252,0.829545455,0.006338109,0.923076923,0.017186268,0.793650794,0.006350748,0.647411003,0.002810734,0.352588997,0.018593255,0.726875455,0.008397716,0.273124545,0.115844246,0.03210921,0.246279059,0.088281051,0.03305507,0.010622771,0.000668017,0.090841584,0.015891563,0.602570694,0.001500326,0.073241781,0.023920535,0.663716814,0.006432259,0.021216407,0.010310952,0.003953722,0.010165663,0.28,0.269230769,0.004810143,0.6927,0.00128,0.037856847,0.013242768,0.640136165,0.020381613,0.485660848,0.211430803,0.72262039,0.327067878,0.85144661,0.063616394,0.008480826,0.719634316,0.397191359,0.872141185,0.583538732,0.502158523,0.404021164,0.070422535,0.194029851,0.691719304,0.779287061,0.005093728,0.000365945,0.031603005,0.096590374,0.057380858,0.165250895,0.439681538,0.635430415,1,0,0.010486366,0.010981115,0.021914714,0.021914714,0.021742361,0.021742361,0.666666667,0.787878788,0,0.007575758,0.086567164,0.070422535,0.194029851,GradStudent
0.000504281,0.003510221,0.393631353,0.000865889,0.292710893,0.0059985,0.009699769,0.536963037,0.005703772,0.466269419,0.001707721,0,0,0,0,0,0,0.001350135,0.074373141,0.011952191,0.660602769,0.002936242,0.818511797,0,0,0,0,0,0,0,0,0,0,0,0,0.001299655,0.797619048,0.00828022,0.829545455,0.000588072,0.769230769,0.006309934,0.746031746,0.00046611,0.190938511,0.001124294,0.809061489,0.003843567,0.240167516,0.009405442,0.759832484,0.276142572,0.053714945,0.064438804,0.077364371,0.004162298,0.003806939,8.35E-05,0.06509901,0.002103295,0.273007712,0.000195695,0.05479262,0.004662477,0.371681416,0.000735601,0.008901136,0.00272595,0.000291668,0.002447289,0.12,0.192307692,0.000860092,0.7105,0.0008,0.136119156,0.005228694,0.677095153,0.001734605,0.10286783,0.130217286,0.44548617,0.01458233,0.286286829,0.152515875,0.099557522,0.654272991,0.532200553,0.936070592,0.903755869,0.60855988,0.493069307,0.070422535,0.134328358,0.444460816,0.350269233,0.005991509,0.004312733,0.02726058,0.064657146,0.05034843,0.106253911,0.565807739,0.745677163,1,0,0.005750043,0.002488486,0.002921569,0.002921569,0.00277021,0.00277021,0.656565657,0.878787879,0,0.007575758,0.047761194,0.070422535,0.134328358,GradStudent
0.087697901,0.075160025,0.035517453,0.096011817,0.20950041,0.482504374,0.208314088,0.017482517,0.383624655,0.240689508,0.19737977,0.003328456,0.016351351,0.012465374,0.2967,0.005204098,0.3516,0.904140414,0.541861453,0.250996016,0.003801249,0.880033557,0.132667877,0.25862069,0.042643923,0.25862069,1,0.297297297,0.7333,0.21875,0.033112583,0.21875,1,0.21875,1,0.185087868,0.845238095,0.720705998,0.875,0.117304017,0.923076923,0.606127278,0.920634921,0.072616042,0.190453074,0.111186722,0.809546926,0.308206015,0.011107065,0.758229762,0.988892935,0.323805394,0.053357871,0.354177183,0.057771403,0.085625294,0.002143729,0.020437133,0.161262376,0.362000467,0.375578406,0.056229615,0.159245388,0.547131563,0.480825959,0.093963502,0.51789982,0.211669988,0.180348057,0.528928213,0.74,0.5,0.093065112,0.7779,0.08784,0.151220521,0.499804535,0.781001783,0.625325239,0.488154613,0.168933456,0.322790427,0.341988304,0.381109256,0.49066428,0.099557522,0.329508906,0.246440075,0.679030285,0.334656411,0.737845929,0.707867868,0.422535211,0.626865672,0.988515042,0.992578609,0.59088975,1,0.465250928,0.593373758,0.602319888,0.733675546,0.357757008,0.210657297,0,0,0.288479712,0.28477714,0.529391873,0.529391872,0.52929873,0.529298729,0.414141414,0.378787879,0,0.25,0.253731343,0.422535211,0.626865672,Director
0.003893515,0.015692752,0.259889773,0.009677584,0.676658477,0.02011997,0.058198614,0.851648352,0.026065624,0.769738242,0.008098737,0.0006218,0.062972973,0.004155125,0.5294,0.001463653,0.5294,0.03060306,0.412027199,0.035856574,0.088514798,0.033557047,0.248094374,0.172413793,0.584221748,0.172413793,1,0.189189189,0.7,0.1875,0.562913907,0.1875,1,0.1875,1,0.0046053,0.392857143,0.016070164,0.465909091,0.004361534,0.653846154,0.021379053,0.714285714,0.005399107,0.676375405,0.002159827,0.323624595,0.028106082,0.909322651,0.004954652,0.090677349,0.061399705,0.002005109,0.158986909,0.121054587,0.028135418,0.004665317,0.001920548,0.31200495,0.008997429,0.222107969,0.00208741,0.121653489,0.005270626,0.123893805,0.008525389,0.044470844,0.018264924,0.002236121,0.013993474,0.19,0.269230769,0.003010321,0.5178,0.00384,0.136119156,0.010261923,0.292591992,0.004336513,0.029925187,0.091778916,0.597597865,0.169117525,0.450662924,0.151768247,0.119100295,0.668893287,0.435709532,0.952052944,0.700962239,0.756743224,0.552397067,0.084507042,0.28358209,0.495787019,0.62346532,0.004634411,0.008935695,0.038951153,0.197950447,0.070317633,0.306798864,0.739886988,0.723210265,1,0,0.006220573,0.009033885,0.000423177,0.000423177,0.000879653,0.000879653,0.676767677,0.727272727,0,0.007575758,0.08358209,0.084507042,0.28358209,GradStudent
0.123114812,0.0956019,0.029516228,0.083736566,0.053726454,0.212634341,0.142725173,0.102397602,0.186323214,0.329857416,0.148925343,0.218068764,0.765,0.157433056,0.0572,0.144251098,0.1488,0.558505851,0.759881003,0.282868526,0.021721423,0.574244966,0.186025408,0,0,0,0,0,0,0.3125,0.099337748,0.3125,1,0.25,0.8,0.212239363,0.654761905,0.280002179,0.761363636,0.150415734,0.769230769,0.259039396,0.873015873,0.077859779,0,0.192550075,1,0.17665994,0.241077932,0.262764528,0.758922068,0.456924811,0.024028346,0.362823892,0.047425835,0.097532549,0.002070777,0.021355656,0.120173267,0.132157046,0.289974293,0.047879974,0.0966847,0.170889925,0.332448378,0.161006375,0.278805889,0.195031795,0.1736721,0.20563504,0.51,0.41025641,0.105536442,0.6292,0.2112,0.259205627,0.216868647,0.765115902,0.224631396,0.380299252,0.238473018,0.482734819,0.381991966,0.429466827,0.144346104,0.106932153,0.282745458,0.237878489,0.537238266,0.327023725,0.70746119,0.602072539,0.464788732,0.656716418,0.981839879,0.988222392,0.161545478,0.125303705,0.496199918,0.642362974,0.63733172,0.772087785,0.232299306,0.205198909,0,0,0.204110972,0.20104228,0.235211662,0.235211661,0.235213813,0.235213812,0.383838384,0.348484848,0,0.325757576,0.28358209,0.464788732,0.656716418,PM
0.051718072,0.03799298,0.027801592,0.054805684,0.195904996,0.162928018,0.090069284,0.064935065,0.144188899,0.340072356,0.082695094,0.000694952,0.005810811,0.006925208,0.7895,0.001301025,0.4211,0.399864986,0.707819805,0.179282869,0.017648656,0.388842282,0.131760436,0.75862069,0.21108742,0.75862069,1,0.837837838,0.7045,0.4375,0.178807947,0.40625,0.9286,0.375,0.8571,0.111911623,0.880952381,0.237348151,0.852272727,0.066550141,0.846153846,0.190335838,0.80952381,0.059584385,0.504368932,0.040267464,0.495631068,0.165225329,0.457574654,0.149143433,0.542425346,0.220882838,0.02323729,0.165426966,0.041597973,0.022916826,0.001602026,0.021835793,0.291336634,0.117083431,0.357326478,0.06183953,0.296018865,0.173322522,0.449852507,0.072530479,0.229220811,0.116289594,0.0313057,0.11690512,0.22,0.256410256,0.056113022,0.7929,0.01696,0.049441456,0.161845192,0.738369266,0.129661752,0.264339152,0.177681356,0.42862,0.488302741,0.595549676,0.122114511,0.01659292,0.360362032,0.277668811,0.656250545,0.377340036,0.631252694,0.425641026,0.422535211,0.656716418,0.968205743,0.979751596,0.066493163,0.011860509,0.495126464,0.675712678,0.644825044,0.796148527,0.181215515,0.159234886,0,0,0.126902828,0.127978114,0.140850807,0.140850807,0.140966371,0.140966371,0.393939394,0.348484848,0,0.401515152,0.402985075,0.422535211,0.656716418,Research
0.011316993,0.0276688,0.150153092,0.027148169,0.681736282,0.092008248,0.136720554,0.381618382,0.092793622,0.474143435,0.033404057,0.010643745,0.394054054,0.028162512,0.2096,0.033989267,0.7182,0.093384338,0.286655334,0.099601594,0.069237035,0.100251678,0.229038113,0.224137931,0.277185501,0.224137931,1,0.324324324,0.9231,0.34375,0.245033113,0.34375,1,0.3125,0.9091,0.01731932,0.55952381,0.062374026,0.352272727,0.014342421,0.826923077,0.073020881,0.380952381,0.018314236,0.933495146,0.001213054,0.066504854,0.124915922,0.860342316,0.02897212,0.139657684,0.026936085,0.004713379,0.217387932,0.184045616,0.037351958,0.010175455,0.006930672,0.411757426,0.117901379,0.740359897,0.01245923,0.265501457,0.05290898,0.233038348,0.01660001,0.135272887,0.049246784,0.005768545,0.029555723,0.18,0.012820513,0.009238022,0.5812,0.00176,0.022755482,0.047986708,0.260658129,0.017779705,0,0.094901149,0.626838235,0.233142278,0.423892919,0.013488419,0.245575221,0.390763648,0.441121688,0.754310512,0.631740896,0.884594453,0.382809224,0.253521127,0.402985075,0.803970619,0.856355495,0.059104164,0.055577063,0.176904219,0.357045537,0.280167007,0.501368599,0.31598157,0.364670109,0,0,0.029030495,0.028114833,0.005260042,0.005260042,0.004883073,0.004883073,0.535353535,0.606060606,0,0.03030303,0.131343284,0.253521127,0.402985075,GradStudent
0.007857394,0.022919678,0.183710961,0.017266847,0.600982801,0.041677081,0.058660508,0.369130869,0.047531432,0.615024473,0.016965087,0.005340161,0.280675676,0.01800554,0.2671,0.011058709,0.4658,0.123762376,0.833829154,0.151394422,0.079826229,0.130872483,0.213793103,0.051724138,0.091684435,0.051724138,1,0.081081081,1,0.40625,0.61589404,0.34375,0.8462,0.34375,0.8462,0.014804769,0.726190476,0.064934357,0.909090909,0.010389271,0.903846154,0.053011748,0.936507937,0.011788697,0.811326861,0.002426107,0.188673139,0.053089267,0.767844137,0.019230769,0.232155863,0.041696297,0.004971571,0.152591858,0.038612686,0.028450067,0.00322956,0.000375759,0.031683168,0.006309885,0,0.001043705,0.031627133,0.011352118,0.108849558,0.009229632,0.049438758,0.020153968,0.002171306,0.023280622,0.1,0.179487179,0.006004715,0.5363,0.00384,0.070541994,0.032398358,0.529259199,0.053772767,0.478179551,0.067964271,0.140098185,0.235751475,0.311007034,0.475406737,0.178097345,0.37853817,0.209498937,0.800568044,0.278351141,0.699061587,0.72173913,0.338028169,0.71641791,0.85010641,0.868917022,0.03027518,0.030081308,0.336364304,0.716021592,0.470814101,0.828538935,0.296417409,0.130640545,0,0,0.027706721,0.02381364,0.024542322,0.024542322,0.021112397,0.021112397,0.474747475,0.287878788,0,0.136363636,0.501492537,0.338028169,0.71641791,Operations
0.282139088,0.244063597,0.035150031,0.259919523,0.144471744,1,0.989376443,0.203796204,1,0.461587572,0.48324191,0.039722019,0.060945946,0.074330563,0.1483,0.053342007,0.302,0.954770477,0.2719932,0.478087649,0.020771111,0.97692953,0.181306715,0.551724138,0.02771855,0.551724138,1,0.459459459,0.5313,0.5625,0.039735099,0.5625,1,0.53125,0.9444,0.477510312,0.642857143,1,0.545454545,0.334988647,0.711538462,1,0.603174603,0.24127015,0.217313916,0.344803101,0.782686084,1,0.435906773,0.940040309,0.564093227,0.276125228,0.010959431,0.384466074,0.14520794,0.149711029,0.013037026,0.113395821,0.279084158,1,0.546015424,0.251076321,0.22166736,1,0.420058997,0.281812112,1,0.482781449,0.702077324,0.780371486,0.9,0.294871795,0.311990316,0.8131,0.1456,0.078196111,0.798719703,0.535581131,0.935819601,0.326683292,0.109753894,0.489080174,0.23221862,0.556587915,0.052605452,0.454277286,0.063494763,0.0508123,0.098362084,0.062385801,0.789001259,0.263492063,0.873239437,0.970149254,0.996765164,0.997810699,0.525095871,0.481962479,0.954767274,0.993459367,0.951747804,0.995923189,0.069587082,0.011721961,0,0,0.550061067,0.539502668,0.684559935,0.684559934,0.684519948,0.684519947,0.090909091,0.03030303,0,0.946969697,0.952238806,0.873239437,0.970149254,Director
0.017837457,0.036547594,0.121249235,0.028370601,0.39049959,0.064140215,0.093764434,0.378121878,0.06758663,0.523090019,0.030506106,0.021250914,0.50527027,0.049399815,0.1842,0.03626606,0.3838,0.080108011,0.352316192,0.139442231,0.12136845,0.098154362,0.374954628,0.293103448,0.232409382,0.293103448,1,0.351351351,0.7647,0.3125,0.311258278,0.3125,1,0.3125,1,0.02819687,0.583333333,0.073541428,0.659090909,0.022330398,0.807692308,0.074390801,0.80952381,0.024024082,0.684466019,0.008964762,0.315533981,0.077255693,0.685178441,0.037369835,0.314821559,0.083271182,0.009761859,0.222234242,0.077009003,0.049654193,0.006649805,0.005970399,0.227722772,0.032016826,0.219023136,0.010110894,0.138299348,0.03263734,0.206489676,0.018433132,0.066645299,0.031666952,0.014421363,0.039093876,0.29,0.192307692,0.015417941,0.6229,0.00928,0.077161771,0.053948397,0.587777598,0.038161318,0.177680798,0.0679163,0.398962759,0.086913399,0.517771929,0.357579859,0.373893805,0.311699379,0.223726537,0.604800026,0.298195423,0.916953357,0.74993895,0.309859155,0.701492537,0.850772575,0.907505346,0.051498567,0.045372863,0.225466871,0.700602114,0.346001464,0.816122468,0.291129428,0.081936522,0,0,0.033765845,0.038125847,0.015213088,0.015213087,0.016231847,0.016231847,0.494949495,0.303030303,0,0.083333333,0.635820896,0.309859155,0.701492537,GradStudent
0.098534068,0.080115631,0.032333129,0.099067896,0.175921376,0.321232192,0.174133949,0.056443556,0.27942349,0.321983401,0.160827641,0.018580834,0.081351351,0.043397969,0.185,0.028947796,0.3504,0.386813681,0.344666383,0.247011952,0.032174857,0.413171141,0.224682396,0.017241379,0.002132196,0.017241379,1,0.027027027,1,0.5,0.099337748,0.5,1,0.46875,0.9375,0.198564728,0.80952381,0.439941167,0.795454545,0.130372282,0.903846154,0.402922496,0.904761905,0.117148961,0.541747573,0.070682565,0.458252427,0.280580379,0.289147851,0.373026537,0.710852149,0.276645564,0.007405169,0.325340808,0.048253725,0.055607609,0.002350942,0.013569088,0.095420792,0.186258472,0.259897172,0.036855838,0.092939381,0.270423677,0.348967552,0.098441128,0.321465151,0.160785904,0.106134751,0.272590361,0.39,0.333333333,0.064411315,0.4794,0.15456,0.236863881,0.320269742,0.741287081,0.334778838,0.374064838,0.209877362,0.362668405,0.40739683,0.290937514,0.1278818,0.638827434,0.078822636,0.038457234,0.123558087,0.046830986,0.891532228,0.341563786,0.830985915,0.985074627,0.984758947,0.990044265,0.292652961,0.254671193,0.905461368,1,0.923707234,1,0.065165636,0,0,0,0.24285442,0.237463343,0.244737916,0.244737915,0.244583002,0.244583001,0.121212121,0.015151515,0,0.810606061,1,0.830985915,0.985074627,PM
0.020804503,0.052033863,0.151500306,0.029542097,0.328255528,0.073575356,0.12517321,0.455044955,0.095798835,0.785060651,0.0352929,0.013130944,0.268513514,0.046629732,0.2813,0.029598309,0.507,0.083708371,0.321291968,0.111553785,0.090143904,0.095637584,0.295281307,0.172413793,0.117270789,0.172413793,1,0.216216216,0.8,0.28125,0.245033113,0.28125,1,0.21875,0.7778,0.027716562,0.464285714,0.054801983,0.397727273,0.020615189,0.461538462,0.046203661,0.19047619,0.025985628,0.592556634,0.013461937,0.407443366,0.098539445,0.839766934,0.025529056,0.160233066,0.091319053,0.000933886,0.304544506,0.207078293,0.333901175,0.020303471,0.007515187,0.246534653,0.0650853,0.475064267,0.009262883,0.109030379,0.040745996,0.225073746,0.022168624,0.07878638,0.037761665,0.014000065,0.032881526,0.24,0.08974359,0.019702472,0.6846,0.01248,0.089366984,0.035428069,0.22353704,0.034692108,0.123441397,0.126894005,0.613490246,0.385641149,0.481464653,0.272057768,0.514749263,0.352605336,0.303109353,0.524955326,0.404871048,0.897120741,0.602072539,0.338028169,0.567164179,0.857916161,0.905677813,0.047837772,0.023272983,0.294326456,0.534090488,0.447504057,0.683092158,0.192961705,0.232923351,0,0,0.039108585,0.040174465,0.018620256,0.018620256,0.018470123,0.018470123,0.454545455,0.439393939,0,0.151515152,0.265671642,0.338028169,0.567164179,GradStudent
0.000117275,0.005575057,1,0,0.025552826,0.010528618,0.015242494,0.444055944,0.009444956,0.3958289,0.002673705,0,0,0,0,0,0,0.011476148,0.283467913,0.019920319,0.154629378,0.015100671,0.439019964,0,0,0,0,0,0,0,0,0,0,0,0,0,0.285714286,0.00806232,0.477272727,0.000130683,0.826923077,0.011499024,0.761904762,0.00015537,0.209708738,0.00062132,0.790291262,0.006005573,0.08594319,0.017803158,0.91405681,0.887052294,0.040146126,0.108053947,0.07899104,0.001497571,0.004484442,0,0,0.009815377,0.547557841,0,0,0.003243462,0.172271386,4.83E-05,0.011304966,0.002883531,0,0.005710341,0,0.217948718,0.000684888,1,0,0,0.010848319,0.791862538,0.003902862,0.109725686,0.65275198,0.47351853,1,0.116899167,0.185367734,0,0.199323767,0.549736531,0.776247074,0.655162593,0.058732212,0.516444444,0.028169014,0.074626866,0.42896979,0.295624347,0.004771903,0.000169928,0.001930516,0.024605862,0.003333806,0.044563052,0,0.59233375,1,1,0.004813377,0.00270153,0.000878027,0.000878027,0,0,1,0.939393939,1,0.007575758,0.008955224,0.028169014,0.074626866,Operations
0.002556585,0.00578154,0.155174525,0.003769164,0.319082719,0.026087228,0.036489607,0.380619381,0.028948175,0.584592466,0.008762851,0,0,0,0,0,0,0.041629163,0.438376541,0.043824701,0.075210426,0.052432886,0.404718693,0,0,0,0,0,0,0,0,0,0,0,0,0.006074476,0.904761905,0.038241543,0.863636364,0.003561102,0.980769231,0.033002615,0.920634921,0.002718975,0.374595469,0.002869907,0.625404531,0.026328433,0.481063365,0.024101444,0.518936635,0.126025496,0.003400445,0.269980078,0.058410639,0.111013775,0.003027213,0.00121078,0.286014851,0.024888993,0.534447301,0.0037182,0.315022888,0.040948713,0.669026549,0.002754256,0.028884275,0.009721947,0.002560197,0.03250502,0.31,0.58974359,0.002755479,0.6892,0.0016,0.082333471,0.021159109,0.570919112,0.028620989,0.39276808,0.106506813,0.36900284,0.226737069,0.359246084,0.075334758,0.160029499,0.480764473,0.51249487,0.896729419,0.696156103,0.798983255,0.393364929,0.197183099,0.268656716,0.771038306,0.823947432,0.020848591,0.027305181,0.136016845,0.195469179,0.218367793,0.301454022,0.521020722,0.352333724,1,0,0.015672467,0.014205746,0.029426198,0.029426198,0.027803356,0.027803356,0.585858586,0.742424242,0,0.007575758,0.056716418,0.197183099,0.268656716,Research
1,1,0.044335579,1,0.174119574,0.95947888,1,0.221778222,0.796442809,0.277718664,1,1,0.433108108,1,0.0792,1,0.2249,1,0.297705057,1,0.059055118,1,0.15862069,0.74137931,0.010660981,0.74137931,1,0.945945946,0.814,0.65625,0.046357616,0.53125,0.8095,0.625,0.9524,1,0.30952381,0.82262897,0.454545455,1,0.461538462,0.910457055,0.53968254,1,0.358899676,1,0.641100324,0.903382339,0.366897305,1,0.633102695,0.219616685,8.79E-05,0.466045981,0.071076503,0.065838085,0.004448289,1,0.695049505,0.707291423,0.365552699,1,0.249271744,0.564159741,0.233038348,1,0.960340299,1,1,1,0.36,0.461538462,1,0.736,1,0.151634257,1,0.787485816,1,0.374688279,0.178942982,0.342378995,0.369384061,0.298662437,0.288791237,0.331858407,0.060663579,0,0.097664996,0,0.685252005,0.361993769,0.830985915,1,1,1,1,0.942811082,0.848270969,0.96467996,0.908130202,0.993511263,0.105966117,0.012368287,0,0,1,1,1,1,1,1,0.121212121,0,0,0.878787879,0.87761194,0.830985915,1,Director
0.023795004,0.030353087,0.067360686,0.042530433,0.465192465,0.081604599,0.086374134,0.241758242,0.087212511,0.538199617,0.039708825,0.049926847,0.894594595,0.05401662,0.0857,0.092535372,0.4168,0.117911791,0.410327242,0.12749004,0.069237035,0.124161074,0.209437387,0.310344828,0.185501066,0.310344828,1,0.351351351,0.7222,0.53125,0.42384106,0.4375,0.8235,0.4375,0.8235,0.043481946,0.702380952,0.111565071,0.795454545,0.032082591,0.942307692,0.10166466,0.904761905,0.035327248,0.820226537,0.006775348,0.179773463,0.107667916,0.816460306,0.031155526,0.183539694,0.046379325,8.79E-05,0.19735318,0.07143833,0.03873192,0.038069891,0.003987224,0.11460396,0.032717925,0.149357326,0.011024136,0.113746706,0.041962295,0.206784661,0.02817102,0.09707987,0.04722226,0.009981528,0.054593373,0.15,0.230769231,0.019734327,0.6009,0.0064,0.040132396,0.065822909,0.55098071,0.050303556,0.186408978,0.039231596,0.432954128,0.095673163,0.77752099,0.04818629,0.206858407,0.281321981,0.362529568,0.533369966,0.485828869,0.790864099,0.217467249,0.38028169,0.567164179,0.90330225,0.934652357,0.089646533,0.06103185,0.323062378,0.576129985,0.464783256,0.715827196,0.309373805,0.160599985,0,0,0.061117975,0.060240902,0.016995406,0.016995406,0.01397438,0.01397438,0.444444444,0.439393939,0,0.113636364,0.32238806,0.38028169,0.567164179,Research
0.000457371,0,0.127740355,0.001884582,0.775266175,0.004092727,0.005080831,0.48951049,0.005397117,0.755479889,0.001147105,0,0,0,0,0,0,0.008550855,0.453038674,0.015936255,0.175807765,0.01216443,0.524682396,0,0,0,0,0,0,0,0,0,0,0,0,0.001553936,1,0.006700441,0.954545455,0.000669749,1,0.005396654,0.984126984,0.00108759,0.955016181,5.92E-05,0.044983819,0.003795522,0.543335761,0.004366812,0.456664239,0,0.000999808,0.202228519,0.023569552,0.018783279,0.001085549,0.000334008,0.275,0,0.164524422,0.001043705,0.308225829,0.001824448,0.286135693,0.000394585,0.004295539,0.001204914,0.000583336,0,0.25,0.064102564,0.000780454,0.6806,0.00032,0.057509309,0.001759187,0.387420976,0.003035559,0.261845387,0.076444956,0.131696339,0.066892564,0.232622562,0.160589838,0.174410029,0.843476827,0.784837518,1,0.787161696,0.749014819,0.458861789,0.070422535,0.089552239,0.334932806,0.237542273,0.001943533,6.48E-05,0.035989065,0.055354203,0.065519391,0.095771396,0.360208791,0.444090081,1,0,0.002895351,0.001355454,0.001422635,0.001422635,0.000894573,0.000894573,0.666666667,0.893939394,0,0,0.011940299,0.070422535,0.089552239,GradStudent
0.000363551,0.001238902,0.261726883,0.002088321,1,0.02268183,0.021709007,0.248251748,0.031094756,0.846350287,0.006209894,0.000146306,0.084459459,0.001385042,0.75,0.000650512,1,0.052880288,0.635146621,0.087649402,0.118110236,0.057885906,0.248275862,0.051724138,1,0.051724138,1,0.081081081,1,0.03125,0.086092715,0.03125,1,0.03125,1,0.001271402,0.964285714,0.038350493,1,0.000522731,0.961538462,0.029681597,0.968253968,0.000796271,0.772491909,0.00026628,0.227508091,0.026808879,0.67425346,0.014108163,0.32574654,0.023415142,0.001142637,0.141682394,0.117017584,0.016688159,0.003641257,0.000292257,0.270792079,0.008296331,0.164781491,0.000913242,0.303509502,0.015811879,0.302064897,0.000432476,0.028278092,0.007847316,0.001652785,0.024159137,0.8,0.487179487,0.000302625,0.2969,0.00064,0.129292511,0.011385848,0.278975523,0.016912402,0.246882793,0.135415725,1,0.136174709,0.832656149,1,0.077433628,0.588223652,0.523498613,0.923284711,0.662705399,0.743705716,1,0.183098592,0.358208955,0.80003898,0.668514477,0.01565377,0.00036065,0.137766897,0.327674548,0.230023627,0.478387678,0.248851703,0.359241271,0,0,0.022036913,0.008588467,0.009233744,0.009233744,0.000819873,0.000819873,0.565656566,0.621212121,0,0.037878788,0.095522388,0.183098592,0.358208955,GradStudent
0.051917439,0.099731571,0.109736681,0.081189833,0.384602785,0.320669833,0.477598152,0.374625375,0.380251457,0.662481379,0.126388601,0.086027798,0.712702703,0.147737765,0.1361,0.13563181,0.3546,0.185193519,0.160858479,0.231075697,0.080369264,0.22692953,0.37676951,0.517241379,0.142857143,0.517241379,1,0.324324324,0.4,0.5625,0.112582781,0.5625,1,0.5,0.8889,0.05890829,0.369047619,0.219044506,0.340909091,0.057761733,0.615384615,0.256424094,0.365079365,0.065119441,0.603398058,0.032338235,0.396601942,0.40559239,0.749817917,0.153006382,0.250182083,0.125557194,0,0.985804936,0.115031971,0.711099709,0.008555411,0.016157652,0.214727723,0.251928021,0.400514139,0.025244618,0.120405049,0.13399554,0.157522124,0.052776402,0.326805833,0.128675997,0.036328872,0.201367972,0.25,0.192307692,0.047703236,0.6715,0.01872,0.054199421,0.17494136,0.276219809,0.240676496,0.243765586,0.124847116,0.559867269,0.182856466,0.442132625,0.073817283,0.349926254,0.23002639,0.23511661,0.3908064,0.320202465,0.84471309,0.301818182,0.535211268,0.701492537,0.929434026,0.95345986,0.117558869,0.096582041,0.561366326,0.715830054,0.69560298,0.826479074,0.108095688,0.118249233,0,0,0.074926152,0.073392555,0.036429639,0.036429639,0.035753984,0.035753984,0.333333333,0.303030303,0,0.356060606,0.591044776,0.535211268,0.701492537,Research
