pid,total_sent,unique_addresses_sent,unique_add_sent_perc,unique_subjects_sent,unique_sub_sent_perc,total_received,unique_addresses_received,unique_add_rec_perc,unique_subjects_received,unique_sub_rec_perc,total_emails,total_sent_signed,total_sent_signed_perc,unique_addresses_sent_signed,unique_add_sent_perc_signed,unique_subjects_sent_signed,unique_sub_sent_perc_signed,total_received_signed,total_rec_signed_perc,unique_addresses_received_signed,unique_add_rec_perc_signed,unique_subjects_received_signed,unique_sub_rec_perc_signed,total_sent_encrypted,total_sent_encrypted_perc,unique_addresses_sent_encrypted,unique_add_sent_perc_encrypted,unique_subjects_sent_encrypted,unique_sub_sent_perc_encrypted,total_received_encrypted,total_rec_encrypted_perc,unique_addresses_received_encrypted,unique_add_rec_perc_encrypted,unique_subjects_received_encrypted,unique_sub_rec_perc_encrypted,inter_hume_sent,inter_hume_sent_perc,inter_hume_rec,inter_hume_rec_perc,inter_vt_sent,inter_vt_sent_perc,inter_vt_rec,inter_vt_rec_perc,sent_to,sent_to_perc,sent_cc,sent_cc_perc,rec_to,rec_to_perc,rec_cc,rec_cc_perc,avg_recipients_sent,avg_recipients_rec,avg_body_chars_sent,avg_body_chars_rec,var_body_chars_sent,var_body_chars_rec,after_hours_sent,after_hours_sent_perc,after_hours_rec,after_hours_rec_perc,after_hours_sent_hume,after_hours_sent_hume_perc,after_hours_rec_hume,after_hours_rec_hume_perc,avg_sent_per_day,avg_rec_per_day,avg_emails_per_day,attached_sent,attached_rec,avg_attachments_sent,avg_attachments_rec,sent_re,sent_re_perc,sent_fw,sent_fw_perc,rec_re,rec_re_perc,rec_fw,rec_fw_perc,avg_subject_chars_sent,avg_subject_chars_rec,var_subject_chars_sent,var_subject_chars_rec,Status
adamq,0.003410573,0.016694491,0.490095378,0.006199969,0.846962617,0.028624767,0.090050835,1,0.035602504,0.887291399,0.010066206,0.002166512,0.250728863,0.011958146,0.7619,0.003966287,0.7619,0.007138222,0.063218391,0.032051282,0.4545,0.007922535,0.8182,0,0,0,0,0,0,0.090909091,0.103571429,0.090909091,1,0.1,1,0.001448692,0.06741573,0.005087882,0.076923077,0.003678354,0.589285714,0.01870708,0.238095238,0.005360597,0.856299841,0.000846238,0.143700159,0.042494859,1,0.00286123,0,0.019228571,0.148823073,0.172764288,0.251406851,0.023630512,0.019308102,0.001846777,0.345711103,0.034971956,0.669951984,0.000934579,0.060265167,0,0,0.013368499,0.111108027,0.040192547,0.00355515,0.008773533,0.35,0.053571429,0.00312076,0.6216,0.004618938,0.178734378,0.008249441,0.065402844,0.010025063,0.11946447,0.087944714,0.597477062,0.147300746,0.323527926,GradStudent
ahmed12,3.34E-05,0,0.685567551,0.000392403,0.797396529,0.007111743,0.010893246,0.41627543,0.009389671,1,0.001624375,0,0,0,0,0,0,0.007787151,0.230875941,0.032051282,0.4167,0.008802817,0.8333,0,0,0,0,0,0,0.090909091,0.346428571,0.090909091,1,0.1,1,0.000643863,0.887640449,0.010638298,0.879120879,0.000139684,1,0.009471939,1,0.000110528,0.362041467,0.000338495,0.637958533,0.008636052,0.741047328,0.00405341,0.258952672,0.122457143,1,0,0.183194752,0.000438464,0.005060218,5.96E-05,0.123777695,0.002309469,0.117007834,0.000186916,0.133922593,0.002839296,0.203479799,0.000101691,0.009464861,0.002312784,0,0.010601353,0,1,0.000452284,1,0,0,0.001538031,0.157661927,0.025062657,1,0.277844442,0.875365732,0.457239764,0.600792944,Research
ajm,0.008392684,0.029716194,0.33885337,0.011615131,0.591955941,0.04267046,0.083514887,0.579342723,0.04277517,0.482926829,0.017622013,0.000722171,0.035648025,0.003736921,0.7143,0.001239465,0.7143,0.086956522,0.527942925,0.147435897,0.1716,0.091549296,0.7761,0.16,0.435028249,0.16,1,0.157894737,0.75,0.363636364,0.285714286,0.363636364,1,0.4,1,0.013038229,0.584269663,0.051958064,0.692307692,0.008706989,0.553571429,0.047004499,0.73015873,0.010113291,0.55215311,0.006177541,0.44784689,0.042083619,0.447003779,0.041249404,0.552996221,0.0972,0.184014485,0.318506833,0.084022007,0.177762987,0.002923016,0.000476588,0.03812353,0.013526889,0.092747031,0.001495327,0.041248159,0.017035775,0.16779711,0.065560925,0.337060758,0.141108639,0.010483136,0.037104734,0.44,0.5,0.007281773,0.6192,0.008775982,0.145010911,0.03537472,0.563981043,0.051378446,0.419670443,0.166166685,0.492713064,0.354232135,0.505410851,Director
apblair,0.002206841,0.002337229,0.14757363,0.004551876,0.964285714,0.010667615,0.012345679,0.298591549,0.012780386,0.825417202,0.004208609,0.000206334,0.035382984,0.001494768,1,0.000495786,1,0.041531473,0.887039239,0.044871795,0.1094,0.04665493,0.8281,0.08,0.754237288,0.08,1,0.105263158,1,0.363636364,1,0.363636364,1,0.4,1,0.005714286,0.95505618,0.016805427,0.912087912,0.003119616,0.982142857,0.014207909,1,0.00370268,0.914992026,0.000338495,0.085007974,0.015215901,0.934676984,0.002145923,0.065323016,0.003857143,0.274599069,0.175454585,0.071462454,0.023183189,0.002479127,0.003395687,0.940710484,0.009567799,0.437199899,0.01046729,1,0.014196479,0.551754645,0.003956836,0.019571583,0.007945038,0.000820419,0.00566624,0.12,0.303571429,0.002442334,0.72,0.000461894,0.026383654,0.005313199,0.331437599,0.006265664,0.180226571,0,0.464739316,0.03160299,0.69087066,GradStudent
apoetter,0.24211723,0.116193656,0.003249135,0.202950871,0.224966622,0.628233621,0.404502542,0.086384977,0.554251435,0.253145058,0.351775738,0.191065718,0.338457461,0.139013453,0.1004,0.196826971,0.4287,0.412070084,0.177566389,0.320512821,0.0787,0.443661972,0.7937,0.08,0.008474576,0.08,1,0.052631579,0.5,1,0.057142857,1,1,1,0.9091,0.392112676,0.629213483,0.555966698,0.461538462,0.29436141,0.767857143,0.704120294,0.746031746,0.248134844,0.393779904,0.233223322,0.606220096,0.725017135,0.621198488,0.42393896,0.378801512,0.176342857,0.065545784,0.599439021,0.115407022,0.105135603,0.010013521,0.034910044,0.100012378,0.384361597,0.287844327,0.080186916,0.079282175,0.2879046,0.1863757,0.246308148,0.63971425,0.357866442,0.394986326,0.496984098,0.6,0.410714286,0.163772049,0.4994,0.261431871,0.154929577,0.506571588,0.524012638,0.528822055,0.30638517,0.308718116,0.418069117,1,0.60916937,PM
arog3632,0.040057512,0.073789649,0.149879468,0.051090881,0.532042724,0.14792426,0.306463326,0.629107981,0.158450704,0.586392811,0.070069651,0.012276901,0.130665253,0.033632287,0.3782,0.016360932,0.5546,0.03569111,0.064605628,0.121794872,0.3455,0.040492958,0.8364,0.16,0.093220339,0.16,1,0.210526316,1,0.363636364,0.085714286,0.272727273,0.75,0.4,1,0.022454728,0.134831461,0.044557508,0.098901099,0.042603716,0.571428571,0.110466493,0.317460317,0.055927052,0.7476874,0.016163155,0.2523126,0.205209047,0.892747886,0.039818789,0.107252114,0.058457143,0.038592861,0.1866903,0.17437914,0.036222928,0.042699547,0.01173597,0.202005199,0.127680633,0.455900935,0.007850467,0.046605062,0.016467916,0.030374521,0.042538268,0.157283918,0.074435191,0.043208751,0.065984281,0.39,0.107142857,0.033242877,0.6089,0.022632794,0.080539575,0.081375839,0.274723539,0.096491228,0.234809475,0.024557577,0.425136137,0.123381952,0.424885567,GradStudent
asohangh,0.006954894,0.013689482,0.183733361,0.00886831,0.513684913,0.025602276,0.027596224,0.261345853,0.025560772,0.489858793,0.011838252,0.000412669,0.024383779,0.002242152,0.75,0.000991572,1,0.056456846,0.554300436,0.070512821,0.1264,0.053697183,0.7011,0.04,0.129943503,0.04,1,0.052631579,1,0,0,0,0,0,0,0.012072435,0.662921348,0.034998458,0.78021978,0.008893235,0.839285714,0.030428605,0.841269841,0.008952749,0.625199362,0.004315816,0.374800638,0.02823852,0.587007378,0.019551741,0.412992622,0.074742857,0.144076565,0.269820309,0.091242949,0.077718092,0.002727008,0.002859526,0.273796262,0.011547344,0.180439727,0.006168224,0.203696264,0.014196479,0.239752285,0.007080585,0.026094288,0.012049511,0.003646308,0.017729848,0.18,0.357142857,0.007914971,0.8065,0.001385681,0.027375521,0.019574944,0.515323855,0.021303258,0.281668383,0.062530948,0.475434208,0.157264149,0.576874125,GradStudent
awais,0.001237169,0.002671119,0.293679908,0.001569612,0.427403204,0.007022846,0.011619463,0.45258216,0.009128847,0.972272144,0.002485787,0,0,0,0,0,0,0.020765737,0.621680539,0.012820513,0.0625,0.022007042,0.7813,0,0,0,0,0,0,0,0,0,0,0,0,0.002977867,0.808988764,0.00955905,0.813186813,0.001815896,1,0.008051148,0.825396825,0.001436861,0.445295056,0.001353982,0.554704944,0.009595613,0.879071441,0.002145923,0.120928559,0.0898,0.13807553,0.155630344,0.180222217,0.010561994,0.008081266,0.000595735,0.269092709,0.010227648,0.71392469,0.001121495,0.174635061,0.01362862,0.754939546,0.00128809,0.007365799,0.002605481,0.0023701,0.003655639,0.57,0.339285714,0.001492537,0.7174,0,0,0.003495526,0.378830964,0.005012531,0.201853759,0.184041529,0.835830684,0.250393569,1,GradStudent
bdeird7,0.060454074,0.150250417,0.215491039,0.083424894,0.607309746,0.153258067,0.30355846,0.594992175,0.176577986,0.72605905,0.086559524,0.001960177,0.013914657,0.012705531,0.8947,0.003222608,0.6842,0.051914341,0.090764962,0.134615385,0.2625,0.060739437,0.8625,0.24,0.093220339,0.24,1,0.263157895,0.8333,0.181818182,0.039285714,0.181818182,1,0.2,1,0.023098592,0.056179775,0.047178538,0.10989011,0.065046329,0.589285714,0.074236325,0,0.090080133,0.839393939,0.015486164,0.160606061,0.224126114,0.979305381,0.021220792,0.020694619,0.061542857,0.02246508,0.406177942,0.331836366,0.597219433,0.029355472,0.087453831,1,0.256351039,1,0.021495327,0.084773001,0.040318001,0.099380714,0.071528121,0.181705895,0.102529284,0.041476755,0.070919393,0.25,0.125,0.045590231,0.5548,0.039722864,0.093830589,0.043903803,0.012954186,0.043859649,0.102986612,0.062683056,0.746367539,0.138112833,0.371491829,GradStudent
ccallsen,0.264720634,0.30918197,0.075254166,0.24611521,0.289886515,0.536581029,0.504720407,0.2,0.415362546,0.064955071,0.343038567,0.397916022,0.644844951,0.428251121,0.1486,0.398859693,0.4172,0.719013628,0.362465319,0.493589744,0.0695,0.704225352,0.722,0,0,0,0,0,0,0.454545455,0.028571429,0.454545455,1,0.5,1,0.346961771,0.483146067,0.487357385,0.483516484,0.280160171,0.571428571,0.548306891,0.634920635,0.270074606,0.389314195,0.256833376,0.610685805,0.554352296,0.480834983,0.474964235,0.519165017,0.100457143,0.055043973,0.401224761,0.059507357,0.083766845,0.00616,0.041880138,0.109790816,0.17551963,0.094768764,0.084485981,0.076335878,0.168086315,0.119728694,0.265899375,0.539451954,0.344556895,0.240656335,0.409065984,0.33,0.375,0.270284939,0.754,0.316397229,0.171394565,0.621085011,0.875671406,0.651629073,0.441812564,0.188836186,0.355627647,0.47797918,0.293870606,Director
cheadley,0.024910556,0.03639399,0.113090871,0.03186313,0.532209613,0.07173971,0.082788671,0.283881064,0.07198748,0.476251605,0.037828259,0.0182606,0.311025709,0.047085202,0.3559,0.025037184,0.5706,0.14146658,0.520610384,0.147435897,0.1055,0.128521127,0.6697,0.12,0.11299435,0.12,1,0.157894737,1,0.454545455,0.214285714,0.454545455,1,0.5,1,0.044507042,0.696629213,0.106999692,0.846153846,0.032173954,0.875,0.087852238,0.873015873,0.03172147,0.627751196,0.014893797,0.372248804,0.082248115,0.619938816,0.049356223,0.380061184,0.096257143,0.141373513,0.15933586,0.072079955,0.034818894,0.003065194,0.008638151,0.238024508,0.054437479,0.383118524,0.021308411,0.20249096,0.078364566,0.475375995,0.025374596,0.073141029,0.038527534,0.011941659,0.053189545,0.17,0.375,0.025056536,0.7347,0.01108545,0.063082722,0.053131991,0.470300158,0.055137845,0.272914521,0.073554909,0.48670032,0.111940258,0.605525142,Research
chrisdob,0.001504664,0.002671119,0.243056283,0.002668341,0.74182243,0.010489821,0.019607843,0.527073552,0.01056338,0.545827985,0.003642539,0,0,0,0,0,0,0.009733939,0.210860087,0.032051282,0.3333,0.008802817,0.6667,0.04,0.52259887,0.04,1,0.052631579,1,0.090909091,0.253571429,0.090909091,1,0.1,1,0.004024145,0.93258427,0.015417823,0.857142857,0.002095265,0.928571429,0.013023917,0.904761905,0.002376347,0.793301435,0.000592367,0.206698565,0.010006854,0.473276948,0.010729614,0.526723052,0.049685714,0.088916192,0.230638035,0.104714825,0.238655773,0.001705725,0.000714881,0.275034039,0.003629165,0.122567602,0.002056075,0.272800321,0.005110733,0.225302271,0.001861734,0.01303847,0.004596779,0.000820419,0.002558947,0.17,0.089285714,0.002170963,0.8889,0.001385681,0.110295576,0.007270694,0.497156398,0.006265664,0.182801236,0.02639904,0.382703686,0.1024967,0.636761558,GradStudent
chrisj12,0.000401244,0.001335559,0.500890892,0.000863287,0.662216288,0.008445195,0.012345679,0.395931142,0.009389671,0.70860077,0.002264281,0,0,0,0,0,0,0.005840363,0.151208878,0.012820513,0.2222,0.007042254,0.8889,0,0,0,0,0,0,0,0,0,0,0,0,0.001287726,0.786516854,0.012950971,0.901098901,0.000558737,0.821428571,0.010182335,0.873015873,0.000607903,0.544338118,0.000507743,0.455661882,0.008224812,0.508727731,0.008345255,0.491272269,0.089285714,0.175426798,0.036759647,0.076903278,0.000768491,0.002876757,0.000119147,0.117836366,0.006598482,0.364164771,0.000186916,0.063747154,0.010221465,0.499262754,0.000495419,0.010085905,0.002774382,9.12E-05,0.004386767,0.05,0.321428571,0.000497512,0.5238,0,0,0.005033557,0.435703002,0.006265664,0.218331617,0.031463791,0.581224178,0.021616722,0.709006781,GradStudent
cshahria,0.002340589,0.006010017,0.283618069,0.002354418,0.30524032,0.00942306,0.015976761,0.469796557,0.011997913,0.935815148,0.003962492,0,0,0,0,0,0,0.022063595,0.522393975,0.025641026,0.1176,0.022887324,0.7647,0,0,0,0,0,0,0,0,0,0,0,0,0.005150905,0.797752809,0.013876041,0.868131868,0.003119616,0.892857143,0.01089273,0.825396825,0.002100028,0.252950558,0.003131082,0.747049442,0.011240576,0.710275328,0.005722461,0.289724672,0.2648,0.091826177,0.160536692,0.144158843,0.014821923,0.010549041,0.000893602,0.235053843,0.016166282,0.89032095,0.002056075,0.186420249,0.023282226,0.980241817,0.002513601,0.010183052,0.004285849,0.0023701,0.009687443,0.33,0.660714286,0.002623247,0.7342,0,0,0.00545302,0.410900474,0.011278195,0.359423275,0.197002733,0.780101014,0.207481398,0.766571033,GradStudent
cthomp,0.056140703,0.052420701,0.053767949,0.046068121,0.211448598,0.285980976,0.118373275,0,0.290558164,0.488061617,0.12012995,0.010419891,0.079247283,0.019431988,0.2574,0.014129896,0.5644,0.656716418,0.618906064,0.192307692,0.0296,0.665492958,0.747,0,0,0,0,0,0,0,0,0,0,0,0,0.122977867,0.898876404,0.360160345,0.703296703,0.077943847,1,0.37816718,0.984126984,0.073279912,0.661722488,0.030295337,0.338277512,0.253735435,0.313298542,0.325703386,0.686701458,0.321685714,0.079332644,0.370973194,0.047476153,0.077793643,0.001627875,0.010663648,0.131204357,0.181788189,0.303765479,0.031401869,0.13325298,0.229415105,0.344736066,0.056273117,0.286953897,0.120412578,0.066089335,0.233778103,0.43,0.428571429,0.027317956,0.3578,0.131639723,0.334854196,0.238954139,0.554818325,0.319548872,0.405252317,0.117666456,0.374453094,0.208852681,0.307943744,Director
darek,0.000501555,0.00033389,0.301226287,0.001020248,0.67222964,0,0,0.383098592,0,0.939409499,0,0,0,0,0,0,0,0,0,0,0,0,0,0,0,0,0,0,0,0,0,0,0,0,0,0.001690141,0.91011236,0,1,0.000791544,1,0,1,0.000828958,0.667783094,0.000423119,0.332216906,0,0.91650171,0,0.08349829,0.040828571,0.033742887,0.359578211,0.122018283,0.060905794,0.020140497,0.000774455,0.670503775,0.001649621,0.750568613,0.002242991,0.669612964,0.002839296,1,0.000516279,0,0,0.000364631,0,0.17,0.964285714,0.000678426,0.625,0,0,0,0.949131122,0,0,0.082817443,0.061966222,0,0,GradStudent
deannac,0.085699,0.095492487,0.071271355,0.085543871,0.337783712,0.26757934,0.263616558,0.217527387,0.261737089,0.422593068,0.136792105,0.160115547,0.799628942,0.183109118,0.1579,0.197074864,0.5122,0.331602855,0.333927864,0.301282051,0.092,0.336267606,0.7476,0.32,0.087570621,0.32,1,0.368421053,0.875,0.545454545,0.071428571,0.545454545,1,0.6,1,0.159034205,0.741573034,0.285383904,0.582417582,0.113516785,0.910714286,0.311271608,0.793650794,0.122133186,0.777990431,0.030295337,0.222009569,0.289924606,0.540939356,0.213400095,0.459060644,0.2016,0.04754268,0.516168691,0.0993547,0.176118492,0.007720903,0.003693554,0.029830425,0.129660178,0.20166793,0.011028037,0.030668274,0.093696763,0.137717487,0.122822274,0.384315671,0.196327567,0.123336372,0.280387498,0.53,0.625,0.045364089,0.39,0.045265589,0.075580242,0.208193512,0.49778831,0.270676692,0.366632338,0.293341298,0.519142537,0.70235475,0.440025812,Operations
drdepoy,0.01454509,0.022036728,0.124200818,0.013655627,0.290720961,0.025157792,0.029774873,0.299217527,0.028821075,0.728883184,0.01730206,0.001341174,0.038828518,0.007473842,0.7692,0.002231036,0.6923,0.050616483,0.505152596,0.08974359,0.1795,0.055457746,0.8077,0.04,0.064971751,0.04,1,0.052631579,1,0.090909091,0.117857143,0.090909091,1,0.1,1,0.027203219,0.730337079,0.037773666,0.868131868,0.018205522,0.821428571,0.031494198,0.904761905,0.013318596,0.285167464,0.016840146,0.714832536,0.027416038,0.573150981,0.019790176,0.426849019,0.200314286,0.132928091,0.62227036,0.075682027,0.274146476,0.002289772,0.001608483,0.075256839,0.009237875,0.127621936,0.00411215,0.066291683,0.010789324,0.1863757,0.014796089,0.025591207,0.017588678,0.004649043,0.019009322,0.11,0.410714286,0.015151515,0.7545,0.005542725,0.053560801,0.019574944,0.528436019,0.026315789,0.353244078,0.151959585,0.571987285,0.139065301,0.433847891,Research
dslevy,0.026649279,0.039065109,0.113090871,0.028959347,0.397363151,0.112365544,0.106753813,0.205946792,0.099374022,0.266752246,0.05035564,0.027339317,0.435727538,0.050822123,0.2566,0.033961329,0.517,0.341336794,0.809948474,0.166666667,0.0494,0.343309859,0.7414,0,0,0,0,0,0,0.636363636,0.192857143,0.454545455,0.7143,0.7,1,0.052394366,0.786516854,0.152636448,0.769230769,0.032872375,0.785714286,0.134027942,0.841269841,0.024537165,0.291547049,0.030295337,0.708452951,0.090747087,0.228540579,0.143538388,0.771459421,0.119,0.093481635,0.270536327,0.073702369,0.067609194,0.003057366,0.006433933,0.165862112,0.092048829,0.425322214,0.017570093,0.156153743,0.13003975,0.506045414,0.058317373,0.247040496,0.11087738,0.014858706,0.084810821,0.2,0.375,0.027815468,0.763,0.027251732,0.145209284,0.123042506,0.815007899,0.131578947,0.420185376,0.119163544,0.488609814,0.441726952,0.578251208,Director
example,0.002942455,0.006010017,0.221989309,0.004002511,0.54105474,0.008889679,0.016702977,0.525821596,0.008737611,0.522721438,0.004257833,0.00185701,0.245958124,0.006726457,0.5,0.002478929,0.5556,0.0266061,0.660523187,0.051282051,0.1951,0.025528169,0.7073,0,0,0,0,0,0,0,0,0,0,0,0,0.007484909,0.966292135,0.014492754,0.945054945,0.004190529,1,0.011839924,1,0.004310583,0.753429027,0.001269358,0.246570973,0.011514736,0.809789455,0.003814974,0.190210545,0.0742,0.071857217,0.186758159,0.122949946,0.030461227,0.00591193,0.000893602,0.191360317,0.006928406,0.364670205,0.002803738,0.207044328,0.010789324,0.501916839,0.005350529,0.017004136,0.008261727,0.000729262,0.003655639,0.08,0.232142857,0.003075531,0.701,0.001385681,0.061297362,0.006711409,0.560505529,0.003759398,0.125643666,0.090571964,0.386327829,0.307782566,0.594971324,GradStudent
fnguyen,0.011268265,0.03672788,0.306362017,0.014989798,0.560080107,0.046137434,0.124183007,0.849452269,0.053599374,0.748395379,0.020698481,0.003817188,0.141664458,0.021674141,0.7838,0.007436787,0.8108,0.036340039,0.204716607,0.076923077,0.2143,0.036971831,0.75,0.16,0.327683616,0.16,1,0.210526316,1,0.454545455,0.328571429,0.454545455,1,0.3,0.6,0.007243461,0.168539326,0.02960222,0.340659341,0.014387484,0.839285714,0.043097324,0.53968254,0.01635811,0.788038278,0.003892697,0.211961722,0.061686086,0.837322296,0.016452074,0.162677704,0.149771429,0.013049664,0.44693577,0.179293186,0.075976759,0.011303387,0.015489098,0.930065602,0.060046189,0.734142027,0.006915888,0.143163252,0.033503691,0.311707461,0.013145561,0.054006606,0.024233374,0.008568824,0.018643758,0.27,0.107142857,0.005970149,0.3815,0.0073903,0.091648482,0.021951902,0.222906793,0.018796992,0.142636457,0.076962099,0.482754973,0.060903374,0.383281014,GradStudent
hayajs,0.001638412,0.003672788,0.277119799,0.00251138,0.607476636,0.007378434,0.013071895,0.488262911,0.009389671,0.935044929,0.002879575,0.000103167,0.022793533,0.000747384,1,0.000247893,1,0.018170019,0.523583036,0.038461538,0.2143,0.021126761,0.8571,0,0,0,0,0,0,0,0,0,0,0,0,0.003863179,0.820224719,0.011100833,0.89010989,0.00195558,0.714285714,0.008998342,0.888888889,0.001657917,0.340031898,0.002030972,0.659968102,0.008773132,0.716573691,0.004530281,0.283426309,0.118457143,0.113993792,0.072327583,0.176907239,0.003737076,0.007761614,0.000893602,0.32008912,0.006928406,0.443770533,0.002429907,0.30012053,0.010789324,0.586257741,0.001757435,0.007976435,0.00311986,0.002278943,0.004935112,0.43,0.446428571,0.001809136,0.6897,0.000461894,0.034120214,0.003076063,0.309004739,0.006265664,0.243048404,0.203195119,0.903646117,0.333715195,0.646772601,GradStudent
het,0.013408232,0.022370618,0.141075359,0.015853084,0.459612817,0.066139212,0.071169208,0.255086072,0.068727178,0.537869063,0.027811277,0,0,0,0,0,0,0.149253731,0.594332144,0.179487179,0.1217,0.149647887,0.7391,0.08,0.138418079,0.08,1,0.105263158,1,0.272727273,0.139285714,0.272727273,1,0.3,1,0.028490946,0.853932584,0.093894542,0.802197802,0.017646785,0.892857143,0.083945063,0.920634921,0.01265543,0.311483254,0.014978421,0.688516746,0.062782728,0.397336692,0.068192656,0.602663308,0.175485714,0.122762545,0.796295545,0.077000982,0.978812689,0.002233549,0.003872275,0.196187647,0.037611349,0.257012889,0.010841121,0.189500469,0.049971607,0.324093188,0.01781554,0.088160597,0.03711971,0.015223336,0.080789618,0.41,0.785714286,0.012618725,0.6805,0.0147806,0.154731204,0.053411633,0.536650869,0.081453634,0.436148301,0.190142531,0.605113952,0.56499523,0.722250803,Research
jacouch,0.00621928,0.009015025,0.134681899,0.003688589,0.048564753,0.009956441,0.015250545,0.418466354,0.006259781,0,0.006965125,0.001547509,0.101908296,0.006726457,0.6,0.001239465,0.3333,0.024659312,0.557867618,0.038461538,0.1579,0.023767606,0.7105,0,0,0,0,0,0,0.090909091,0.264285714,0.090909091,1,0.1,1,0.009818913,0.584269663,0.010329941,0.637362637,0.006984216,0.660714286,0.009590339,0.634920635,0.003813208,0.002232855,0.010324109,0.997767145,0.006168609,0.153320137,0.015975203,0.846679863,0.294657143,0.038799793,0.351659703,0.008669566,0.236230051,0.001001855,0.004706303,0.501423443,0.01121742,0.564316401,0.009906542,0.364001607,0.013060761,0.5423179,0.008907118,0.014866909,0.010288532,0.004193254,0.004569549,0.24,0.25,0.006377205,0.7231,0.00369515,0.081333069,0.012863535,1,0.007518797,0.228630278,0.074061643,0,0.02704977,0.084861489,GradStudent
javier,0.001839034,0.005008347,0.312231422,0.003296186,0.776535381,0.013245622,0.013071895,0.239123631,0.015910276,0.826444159,0.004651621,0.001753843,0.351974556,0.003736921,0.2941,0.003222608,0.7647,0.022063595,0.391795482,0.025641026,0.1176,0.023767606,0.7941,0.04,0.440677966,0.04,1,0.052631579,1,0.090909091,0.207142857,0.090909091,1,0.1,1,0.004587525,0.898876404,0.021276596,0.934065934,0.002654002,1,0.017049491,0.952380952,0.002928986,0.825518341,0.000592367,0.174481659,0.017409184,0.822026273,0.005245589,0.177973727,0.040828571,0.095589757,0.290422426,0.18704151,0.095449509,0.005020437,0.000595735,0.193464538,0.003959089,0.09198888,0.001869159,0.209321012,0.005110733,0.180182837,0.001962121,0.014193821,0.00499024,0.000638104,0.010784135,0.11,0.5,0.00226142,0.7813,0,0,0.006152125,0.282306477,0.007518797,0.179711637,0.114392999,1,0.298624734,0.787184077,GradStudent
jdemma,0.003711506,0.007345576,0.205219579,0.004002511,0.366321762,0.014312383,0.019607843,0.366197183,0.013171622,0.395121951,0.00632522,0,0,0,0,0,0,0.014276444,0.237019421,0.038461538,0.2727,0.012323944,0.6364,0,0,0,0,0,0,0.090909091,0.192857143,0.090909091,1,0.1,1,0.007323944,0.741573034,0.021584952,0.879120879,0.004423337,0.732142857,0.017049491,0.857142857,0.004200055,0.468421053,0.003384954,0.531578947,0.014667581,0.52546338,0.012875536,0.47453662,0.099514286,0.084441283,0.513878637,0.084189445,0.326047808,0.001457969,0.000714881,0.123777695,0.002969317,0.036391205,0.002056075,0.122807018,0.004542873,0.150693011,0.004557858,0.01777437,0.007891297,0.001093892,0.005117894,0.1,0.142857143,0.004025328,0.7417,0.000461894,0.016464987,0.011605145,0.579936809,0.007518797,0.167868177,0.110327806,0.40260295,0.312393198,0.478111523,GradStudent
jgaedder,0.004814926,0.015358932,0.314956504,0.004865798,0.327269693,0.014312383,0.024691358,0.48513302,0.013693271,0.450834403,0.007137407,0,0,0,0,0,0,0.001297859,0.021601268,0.012820513,1,0.001760563,1,0,0,0,0,0,0,0,0,0,0,0,0,0.009657948,0.764044944,0.020659883,0.835164835,0.006332356,0.875,0.017286289,0.873015873,0.003481625,0.103508772,0.007277651,0.896491228,0.012200137,0.349289185,0.017167382,0.650710815,0.2,0.083846353,0.402413471,0.053282441,0.135796299,0.001770188,0.000953175,0.129471469,0.01121742,0.379833207,0.002803738,0.131244141,0.017603634,0.519315836,0.007432594,0.022680276,0.011363353,0.0023701,0.010235789,0.17,0.410714286,0.005563094,0.8039,0.001385681,0.038881174,0.012444072,0.631437599,0.020050125,0.447991761,0.108775724,0.265926536,0.109206007,0.187391869,Research
jmahal,0.002641522,0.005342237,0.22586731,0.002668341,0.311915888,0.008534092,0.015976761,0.522691706,0.00991132,0.777920411,0.00393788,0,0,0,0,0,0,0.024659312,0.632778438,0.038461538,0.1579,0.028169014,0.8421,0,0,0,0,0,0,0,0,0,0,0,0,0.005794769,0.808988764,0.012796793,0.879120879,0.003538669,0.892857143,0.010182335,0.873015873,0.002044764,0.148165869,0.003977321,0.851834131,0.009458533,0.634515026,0.006437768,0.365484974,0.207285714,0.070926022,0.070814937,0.12190975,0.002230037,0.004212953,0.002144644,0.506374551,0.007588255,0.423805914,0.005233645,0.42614169,0.011925043,0.569153642,0.002857787,0.009305263,0.004296405,0.003281677,0.006945714,0.41,0.517857143,0.002442334,0.6136,0.000923788,0.045030748,0.005732662,0.496050553,0.003759398,0.129763131,0.120564004,0.656411245,0.09988913,0.75369186,GradStudent
jmernst,0.100745645,0.078130217,0.035426056,0.119682938,0.472463284,0.284469731,0.216412491,0.132081377,0.278821075,0.42593068,0.152543624,0.193335397,0.821759873,0.139013453,0.0993,0.234754586,0.5053,0.509409474,0.482758621,0.326923077,0.065,0.518485915,0.7503,1,0.234463277,1,1,1,0.76,0.818181818,0.1,0.818181818,1,0.9,1,0.204024145,0.820224719,0.381591119,0.758241758,0.133398519,0.910714286,0.347975373,0.873015873,0.138878143,0.733492823,0.042735043,0.266507177,0.331596984,0.635954652,0.186218407,0.364045348,0.085485714,0.049818934,0.258224761,0.090090896,0.061357847,0.006903874,0.027284642,0.187646986,0.2708677,0.517816528,0.071214953,0.168876389,0.350936968,0.542612799,0.133687602,0.378212779,0.202638302,0.048951686,0.208371413,0.18,0.357142857,0.085481682,0.6254,0.076674365,0.108906963,0.24314877,0.573933649,0.214285714,0.273429454,0.076999751,0.34806755,0.204925418,0.507393616,Research
jnl,0.003878691,0.009348915,0.245362121,0.005022759,0.51034713,0.025246689,0.035584604,0.379029734,0.025821596,0.529910141,0.009475524,0.003817188,0.3922608,0.014200299,0.5135,0.003966287,0.4324,0.03504218,0.348592945,0.057692308,0.1667,0.036091549,0.7593,0,0,0,0,0,0,0,0,0,0,0,0,0.00861167,0.842696629,0.037156953,0.846153846,0.005075197,0.875,0.030665404,0.873015873,0.004144791,0.41307815,0.003892697,0.58692185,0.021932831,0.334533021,0.029566047,0.665466979,0.102485714,0.09881014,0.098492541,0.072516105,0.038780843,0.001139156,0.000714881,0.118826587,0.019465523,0.382107657,0.002056075,0.117851882,0.026121522,0.445001474,0.00502981,0.032842511,0.012406505,0.000820419,0.025955036,0.07,0.625,0.004839439,0.856,0.000461894,0.015869867,0.022371365,0.628751975,0.028822055,0.385684861,0.173971856,0.533261358,0.331709193,0.469557883,Research
jodavis5,0.010231718,0.013021703,0.104915627,0.015617642,0.694092123,0.014756867,0.030501089,0.600625978,0.015258216,0.567907574,0.01124757,0.010729392,0.437582825,0.01793722,0.2308,0.019087754,0.7404,0.004542505,0.073325406,0.019230769,0.4286,0.006161972,1,0,0,0,0,0,0,0,0,0,0,0,0,0.016579477,0.617977528,0.020197348,0.791208791,0.013875308,0.946428571,0.017286289,0.825396825,0.012987013,0.615151515,0.006431412,0.384848485,0.015078821,0.520784596,0.013352408,0.479215404,0.074285714,0.087364201,0.35696212,0.070787919,0.161151022,0.00354983,0.002799952,0.184676321,0.008248103,0.245893354,0.006915888,0.157359046,0.009653606,0.286346211,0.012847005,0.018891557,0.014301837,0.01586144,0.01133248,0.55,0.446428571,0.006919946,0.4857,0.001385681,0.018845467,0.014821029,0.7492891,0.011278195,0.245108136,0.144953171,0.290941838,0.19145896,0.208324653,GradStudent
jonblack,0.002374026,0.007011686,0.318729693,0.001883535,0.171562083,0.007645124,0.01815541,0.671674491,0.005738132,0.214377407,0.003494868,0,0,0,0,0,0,0.03569111,1,0.051282051,0.1455,0.032570423,0.6727,0,0,0,0,0,0,0,0,0,0,0,0,0.001448692,0.146067416,0.010792476,0.835164835,0.003398985,1,0.009235141,0.888888889,0.004200055,1,0,0,0.003152844,0,0.015021459,1,0.560857143,0.095667356,0.827561927,0.111765695,0.001012235,0.005265782,0.000595735,0.154722119,0.002309469,0.103361132,0.000186916,0.016740324,0.002839296,0.190799174,0.00712752,0.024876485,0.011747217,0.007292616,0.008042405,1,0.696428571,0,0,0,0,0.007270694,0.727330174,0.013784461,0.519567456,0.927815125,0.271216533,0.047731804,0.283935869,Director
jpokorsk,0.097268198,0.075792988,0.03595011,0.116386752,0.478471295,0.409636412,0.197530864,0.025352113,0.367110068,0.278562259,0.184637346,0.013514908,0.059501723,0.032884903,0.3359,0.017352504,0.5344,0.469824789,0.309750297,0.269230769,0.058,0.468309859,0.7348,0.28,0.06779661,0.28,1,0.315789474,0.8571,0.545454545,0.046428571,0.545454545,1,0.6,1,0.174406439,0.707865169,0.508171446,0.692307692,0.123155003,0.839285714,0.494553635,0.857142857,0.084830064,0.246251994,0.116696285,0.753748006,0.325976696,0.205686522,0.531711969,0.794313478,0.130114286,0.051034661,0.202617183,0.080950107,0.037589641,0.002822765,0.032705826,0.232825845,0.266248763,0.31362143,0.078691589,0.193250301,0.382169222,0.404895311,0.102413605,0.431764877,0.194430316,0.257247037,0.477974776,0.97,0.732142857,0.087109905,0.66,0.175981524,0.25907558,0.398210291,0.690521327,0.453634085,0.402677652,0.16305866,0.339133932,0.451431007,0.407989456,PM
jrmurphy,0.019861571,0.022704508,0.082276491,0.016716371,0.224299065,0.104187039,0.074074074,0.116431925,0.121152843,0.745571245,0.043095174,0.000515836,0.010999205,0.002242152,0.6,0.000991572,0.8,0.172615185,0.441141498,0.16025641,0.094,0.202464789,0.8647,0,0,0,0,0,0,0,0,0,0,0,0,0.045311871,0.93258427,0.119179772,0.637362637,0.027005634,0.946428571,0.137343121,0.984126984,0.028792484,0.793620415,0.00660066,0.206379585,0.110075394,0.51430628,0.087982833,0.48569372,0.338514286,0.039252457,0.233969722,0.054289316,0.052692602,0.002065163,0.002025497,0.06981062,0.042230287,0.148597422,0.005420561,0.064416767,0.049403748,0.196402241,0.019931502,0.104679,0.04324523,0.052689152,0.069274356,0.96,0.303571429,0.005427408,0.199,0.140415704,1,0.064038031,0.342022117,0.080200501,0.276004119,0.127670798,0.580074314,0.194646932,0.421904005,Operations
jsprick,0.033136055,0.030717863,0.055654544,0.025741642,0.179906542,0.088007823,0.096586783,0.261971831,0.079942619,0.311168164,0.0483867,0.032291344,0.414789292,0.05754858,0.246,0.038423401,0.4952,0.149902661,0.451843044,0.153846154,0.1039,0.143485915,0.7056,0,0,0,0,0,0,0.272727273,0.107142857,0.272727273,1,0.3,1,0.057062374,0.674157303,0.088498304,0.549450549,0.038925362,0.714285714,0.094127398,0.698412698,0.026471401,0.175438596,0.043750529,0.824561404,0.095270733,0.545438186,0.070338579,0.454561814,0.130771429,0.052121055,0.24843431,0.06902303,0.026118762,0.002686138,0.005182891,0.107686595,0.030682943,0.11119535,0.013831776,0.099102719,0.02725724,0.122677676,0.153602155,0.412814339,0.226866878,0.028076572,0.065070371,0.31,0.375,0.032338308,0.715,0.02817552,0.121007737,0.081795302,0.653238547,0.06641604,0.26930999,0.155342533,0.511280217,0.351548611,0.446067237,PM
justus,0.129869261,0.128547579,0.057436327,0.13514362,0.368157543,0.437905592,0.350762527,0.146791862,0.398148148,0.300898588,0.216460338,0.081089446,0.267558972,0.076980568,0.131,0.075855231,0.3893,0.492537313,0.304003171,0.365384615,0.0751,0.488556338,0.7312,0,0,0,0,0,0,0.363636364,0.028571429,0.363636364,1,0.4,1,0.208370221,0.629213483,0.444804194,0.549450549,0.145504493,0.642857143,0.423040493,0.571428571,0.118927881,0.288357257,0.146991622,0.711642743,0.468540096,0.524023754,0.359561278,0.475976246,0.127771429,0.039291257,0.410269633,0.054397085,0.075176187,0.00468081,0.041701418,0.222552296,0.383371824,0.466515037,0.086728972,0.159635731,0.363997729,0.358006488,0.130673366,0.441035445,0.217796156,0.099179581,0.301590203,0.28,0.321428571,0.12578019,0.7144,0.146420323,0.161475898,0.449244966,0.744233807,0.389724311,0.323377961,0.161531085,0.442378948,0.321970186,0.447228844,Research
jziegler,0.018992209,0.021035058,0.079027356,0.01914927,0.340620828,0.06676149,0.055918664,0.166510172,0.069379238,0.537869063,0.032093722,0.031569174,0.702756427,0.038863976,0.1699,0.027764006,0.366,0.110966905,0.437772493,0.147435897,0.1345,0.117077465,0.7778,0.24,0.293785311,0.24,1,0.315789474,1,0.909090909,0.460714286,0.909090909,1,0.9,0.9,0.043380282,0.93258427,0.108387296,0.934065934,0.026027844,0.964285714,0.086313048,0.952380952,0.025918762,0.712599681,0.00880088,0.287400319,0.081562714,0.705776498,0.037195994,0.294223502,0.161057143,0.051668391,0.279094327,0.068956027,0.119670121,0.002135143,0.00500417,0.180220324,0.038601122,0.263330806,0.015140187,0.18802732,0.064735945,0.420230021,0.020424314,0.071923226,0.034547817,0.00556062,0.054834582,0.11,0.446428571,0.017232022,0.6603,0.005542725,0.041261654,0.054670022,0.547551343,0.05764411,0.305870237,6.55E-05,0.412759655,0.210073305,0.778474005,Research
kevin007,0.003510884,0.010016694,0.292107746,0.003531628,0.317256342,0.010400925,0.02033406,0.554303599,0.009780908,0.449037227,0.005094632,0.001238007,0.139544129,0.005979073,0.6667,0.001983143,0.6667,0.018818949,0.410424098,0.051282051,0.2759,0.014964789,0.5862,0.08,0.494350282,0.08,1,0.105263158,1,0.272727273,0.764285714,0.272727273,1,0.2,0.6667,0.007082495,0.752808989,0.014955288,0.846153846,0.004656144,0.892857143,0.013260715,0.936507937,0.004918486,0.706220096,0.001777101,0.293779904,0.011925977,0.661687961,0.007153076,0.338312039,0.193285714,0.042563373,0.149105711,0.087789291,0.019581658,0.003440211,0.001608483,0.293105582,0.004618938,0.178417993,0.003738318,0.234900228,0.004542873,0.206133884,0.0052358,0.0160292,0.007907611,0.002278943,0.003290075,0.22,0.142857143,0.004296698,0.8333,0.000923788,0.034715334,0.009787472,0.705845182,0.005012531,0.147270855,0.091994741,0.364741037,0.089394051,0.475013357,GradStudent
kgantt,0.062326546,0.078130217,0.086783356,0.060037671,0.312583445,0.14099031,0.120551924,0.169640063,0.124934794,0.267265725,0.08454136,0.009388218,0.064404983,0.018684604,0.2747,0.013386217,0.5934,0.343283582,0.651605232,0.173076923,0.051,0.345950704,0.7429,0,0,0,0,0,0,0.090909091,0.021428571,0.090909091,1,0.1,1,0.112515091,0.719101124,0.191951896,0.769230769,0.079154444,0.839285714,0.168245323,0.841269841,0.067200884,0.444019139,0.055259372,0.555980861,0.146812886,0.494871333,0.122794468,0.505128667,0.141028571,0.034971547,0.417500686,0.055615826,0.04786911,0.002926738,0.004646729,0.051491521,0.0560871,0.143290371,0.011962617,0.045801527,0.074957411,0.221763492,0.102128087,0.232076441,0.138986828,0.063810392,0.116432097,0.37,0.446428571,0.051696065,0.6103,0.141801386,0.325133902,0.154642058,0.8164297,0.182957393,0.467044284,0.171837619,0.330756326,0.3005734,0.29647872,Outreach
kkarranc,0.021633731,0.016360601,0.041400273,0.025427719,0.458611482,0.080362699,0.061002179,0.135837246,0.082420449,0.512451861,0.037803647,0.051067781,1,0.032137519,0.0869,0.062716906,0.5111,0.162881246,0.536662703,0.192307692,0.1195,0.17693662,0.8008,0.36,0.38700565,0.36,1,0.368421053,0.7778,0.727272727,0.307142857,0.727272727,1,0.8,1,0.051026157,0.966292135,0.127351218,0.912087912,0.029566513,0.964285714,0.10158655,0.920634921,0.029953026,0.732535885,0.009308623,0.267464115,0.08553804,0.525643333,0.066762041,0.474356667,0.108057143,0.069309364,0.244848163,0.055306502,0.196280398,0.002784795,0.006970094,0.220819408,0.055427252,0.337882234,0.021495327,0.234766305,0.088586031,0.480094367,0.022034426,0.081936272,0.038502582,0.012032817,0.054834582,0.2,0.321428571,0.021438263,0.7226,0.008314088,0.054354295,0.072287472,0.624486572,0.068922306,0.305355304,0.126861712,0.644066454,0.333991925,0.796241182,Research
kls,0.006754272,0.011018364,0.150613143,0.007063255,0.356809079,0.020090675,0.025417574,0.328951487,0.01982264,0.480359435,0.010164653,0.000206334,0.012589451,0.001494768,1,0.000495786,1,0.036340039,0.445699564,0.051282051,0.1429,0.036091549,0.7321,0,0,0,0,0,0,0,0,0,0,0,0,0.014084507,0.808988764,0.02960222,0.846153846,0.008939796,0.892857143,0.025100639,0.904761905,0.007405361,0.448165869,0.006177541,0.551834131,0.020150788,0.487673205,0.018836433,0.512326795,0.167571429,0.046404553,0.478287919,0.106547772,0.059778483,0.002448561,0.001608483,0.15843545,0.013196965,0.308061663,0.004672897,0.158698272,0.021578648,0.460041286,0.007294398,0.02178167,0.011013076,0.005651778,0.015902029,0.29,0.446428571,0.006467662,0.6777,0.008314088,0.169212458,0.018875839,0.6835703,0.023809524,0.392893924,0.082499973,0.326491978,0.160180652,0.343230606,Outreach
krich,0.050356104,0.099499165,0.162876009,0.040260556,0.196428571,0.28366966,0.207697894,0.121126761,0.293688054,0.52169448,0.115232212,0,0,0,0,0,0,0.475665152,0.452041221,0.224358974,0.0477,0.495598592,0.7681,0,0,0,0,0,0,0,0,0,0,0,0,0.085955734,0.674157303,0.386062288,0.769230769,0.058527727,0.696428571,0.344778593,0.857142857,0.043161094,0.231578947,0.061775408,0.768421053,0.206716929,0.129566313,0.401287554,0.870433687,0.2428,0.025439731,0.196270381,0.034125296,0.032665251,0,0.011080662,0.15199901,0.402507423,0.833206975,0.025794393,0.122003482,0.610448609,0.963432616,0.050564061,0.285149745,0.115711196,0.030902461,0.189362091,0.22,0.303571429,0.058254184,0.8502,0.033718245,0.095615949,0.301034676,0.779936809,0.373433584,0.477342945,0.16577381,0.331391927,0.232932301,0.230236691,Operations
krooks,0.003410573,0.005676127,0.17849282,0.005807566,0.771862483,0.01689039,0.018881627,0.279499218,0.015388628,0.370218228,0.006817455,0.00113484,0.131327856,0.005231689,0.6364,0.002231036,0.8182,0.018818949,0.269916766,0.032051282,0.1724,0.014964789,0.5862,0.04,0.254237288,0.04,1,0.052631579,1,0.090909091,0.167857143,0.090909091,1,0.1,1,0.008289738,0.93258427,0.027135368,0.923076923,0.004656144,0.928571429,0.021785461,0.952380952,0.004642166,0.66953748,0.001946348,0.33046252,0.02124743,0.760482275,0.008345255,0.239517725,0.037914286,0.018313502,0.193759262,0.062204404,0.024770395,0.000842274,0.001072322,0.200767422,0.006598482,0.144553955,0.00317757,0.205169412,0.011357183,0.292833972,0.003727379,0.018544604,0.007493038,0.001367366,0.006945714,0.14,0.160714286,0.003346902,0.6667,0,0,0.013982103,0.587993681,0.013784461,0.265705458,0.085070125,0.228776082,0.556688429,0.480175311,GradStudent
ksterne,0.015715384,0.053088481,0.315166125,0.021896092,0.608144192,0.154502622,0.221496006,0.388106416,0.178403756,0.73042362,0.053973567,0.000309502,0.008348794,0.002242152,1,0.000495786,0.6667,0.019467878,0.033690052,0.064102564,0.3333,0.021126761,0.8,0.24,0.353107345,0.24,1,0.263157895,0.8333,0.272727273,0.060714286,0.272727273,1,0.3,1,0.005633803,0.04494382,0.021430774,0,0.009591656,0,0.094600995,0.158730159,0.018844985,0.553907496,0.011339595,0.446092504,0.216860864,0.911642973,0.037195994,0.088357027,0.097628571,0.003479048,0.333628932,1,0.0827631,1,0.008221137,0.35660354,0.174529858,0.635077079,0.003551402,0.053167269,0.010789324,0.011206134,0.016784285,0.165232597,0.057677581,0.012579763,0.053372327,0.29,0.017857143,0.014473089,0.6681,0.0147806,0.13251339,0.057746085,0.099368088,0.072681704,0.169412976,0.106099122,0.580162124,0.213515289,0.376481538,Research
kstraub,0.002674959,0.009348915,0.364112776,0.004316434,0.697930574,0.044892879,0.093681917,0.627230047,0.054251435,0.826957638,0.014028697,0.000825338,0.119135966,0.005231689,0.875,0.000991572,0.5,0.027255029,0.157550535,0.064102564,0.2381,0.028169014,0.7619,0.12,0.951977401,0.12,1,0.105263158,0.6667,0.181818182,0.135714286,0.181818182,1,0.2,1,0.005150905,0.696629213,0.0226642,0.252747253,0.003445546,0.839285714,0.027468624,0.174603175,0.003923736,0.749122807,0.001184734,0.250877193,0.066072653,0.987943135,0.005484025,0.012056865,0.048885714,0.004862907,0.18343186,0.274982329,0.018563675,0.013121079,0.001131896,0.264265379,0.063015506,0.800101087,0.002616822,0.210660238,0.009085747,0.080507225,0.00817833,0.13206742,0.042169449,0.001276208,0.016998721,0.16,0.089285714,0.002578019,0.6404,0.001385681,0.066851815,0.01090604,0,0.016290727,0.126673532,0.135348092,0.803239282,0.52245013,0.368154484,GradStudent
leslie,0.123516234,0.05442404,0,0.075105949,0.06141522,0.087029958,0.084241104,0.213771518,0.094809598,0.620795892,0.11464153,0.000412669,0.001457726,0.002989537,1,0.000991572,1,0.173264114,0.528141102,0.153846154,0.0899,0.205985915,0.8764,0,0,0,0,0,0,0,0,0,0,0,0,0.261488934,0.865168539,0.136447734,0.901098901,0.168738651,0.964285714,0.113189676,0.968253968,0.188947223,0.879425837,0.023694677,0.120574163,0.101439342,0.640273529,0.056986171,0.359726471,0.664028571,0.020175892,0.971924274,0,0.141888371,0.000333132,0.008221137,0.04616908,0.033982184,0.138994188,0.023925234,0.046337217,0.053946621,0.26275435,0.172313361,0.122179277,0.160251009,0.263445761,0.075123378,0.78,0.482142857,0.018634102,0.1113,0.035103926,0.040666534,0.082634228,0.672985782,0.109022556,0.446961895,0.732734782,0.420349958,0.959337243,0.318702229,Operations
matthewv,0.008125188,0.012353923,0.134891521,0.009888558,0.476802403,0.032536225,0.036310821,0.273239437,0.031429317,0.429525032,0.014619379,0.002785515,0.141929499,0.010463378,0.5185,0.003718394,0.5556,0.064892927,0.509512485,0.083333333,0.13,0.068661972,0.78,0.2,0.559322034,0.2,1,0.105263158,0.4,0.363636364,0.367857143,0.363636364,1,0.3,0.75,0.018028169,0.876404494,0.051187172,0.901098901,0.010429762,0.857142857,0.040847739,0.920634921,0.009505388,0.518979266,0.006431412,0.481020734,0.032213845,0.457800972,0.031235098,0.542199028,0.150657143,0.047374547,0.334016278,0.070102568,0.076670684,0.003046714,0.001131896,0.093328382,0.009897724,0.08592368,0.002803738,0.079683943,0.016467916,0.217045119,0.037225547,0.152107389,0.069093715,0.00437557,0.027417291,0.19,0.482142857,0.008005427,0.7024,0.005542725,0.094425709,0.027265101,0.577883096,0.036340852,0.384140062,0.230255263,0.61508395,0.341668309,0.707914779,Research
mcarrick,0.013006988,0.014691152,0.086154491,0.015539162,0.467790387,0.032447329,0.032679739,0.234115806,0.030255608,0.374326059,0.018188083,0.001031672,0.033262656,0.004484305,0.6,0.001983143,0.8,0.055158988,0.434205311,0.08974359,0.1647,0.04665493,0.6235,0.32,0.56779661,0.32,1,0.263157895,0.625,0.272727273,0.275,0.272727273,1,0.3,1,0.027042254,0.831460674,0.052574776,0.934065934,0.017320855,0.910714286,0.041439735,0.936507937,0.019563415,0.839712919,0.003384954,0.160287081,0.040986977,0.757603023,0.015736767,0.242396977,0.132342857,0.012131402,0.418446371,0.022683758,0.205546571,0.001410909,0.006612653,0.345215992,0.019465523,0.275461208,0.017196262,0.309629034,0.032935832,0.437923916,0.014592707,0.036558371,0.02047342,0.000911577,0.016450375,0.03,0.196428571,0.007960199,0.4422,0.006928406,0.074786749,0.034395973,0.787677725,0.018796992,0.199279094,0.066940051,0.093221903,0.159362431,0.366261097,GradStudent
mdarden,0.011502324,0.016694491,0.121161304,0.012242976,0.376168224,0.025868966,0.025417574,0.227543036,0.027256129,0.579204108,0.015259285,0,0,0,0,0,0,0,0,0,0,0,0,0,0,0,0,0,0,0,0,0,0,0,0,0.023903421,0.820224719,0.036694419,0.813186813,0.015830889,0.964285714,0.034217381,0.984126984,0.01365018,0.53907496,0.008631632,0.46092504,0.024126114,0.402555336,0.027420124,0.597444664,0.1686,0.043468702,0.273247991,0.049442171,0.03324111,0.002842981,0.001251043,0.073647729,0.014516661,0.249936821,0.002990654,0.060666935,0.023282226,0.387496314,0.014844328,0.033765405,0.019886107,0.007566089,0.030890148,0.24,0.767857143,0.007779285,0.4873,0.013394919,0.163062884,0.025307606,0.714060032,0.052631579,0.688980433,0.059001511,0.21909996,0.099491973,0.235932689,Operations
mifowler,0.082555923,0.098831386,0.080075464,0.082090724,0.334946595,0.218419415,0.188816267,0.172143975,0.210224309,0.396405648,0.120868303,0.125038688,0.648157964,0.142750374,0.1576,0.133862172,0.4455,0.329656067,0.405866033,0.33974359,0.1043,0.313380282,0.7008,0,0,0,0,0,0,0.363636364,0.057142857,0.363636364,1,0.4,1,0.150342052,0.719101124,0.289855072,0.747252747,0.099920846,0.767857143,0.26095193,0.841269841,0.07040619,0.227591707,0.101548616,0.772408293,0.176422207,0.222602123,0.278969957,0.777397877,0.184085714,0.052935851,0.291677517,0.060027433,0.135774891,0.001721067,0.025557012,0.21425919,0.221049159,0.55749305,0.062056075,0.179456274,0.325383305,0.65939251,0.08397488,0.222375652,0.122940326,0.098541477,0.191738256,0.44,0.482142857,0.067526006,0.6025,0.069284065,0.12001587,0.225950783,0.75371248,0.26566416,0.440267765,0.272303591,0.450141954,0.772716006,0.332400404,Research
mlapan4,0.005048985,0.009682805,0.187716172,0.006043007,0.453271028,0.017245977,0.027596224,0.444444444,0.01982264,0.741720154,0.008121877,0.000103167,0.008348794,0.000747384,1,0.000247893,1,0.032446463,0.456599287,0.038461538,0.12,0.038732394,0.88,0,0,0,0,0,0,0,0,0,0,0,0,0.010704225,0.820224719,0.024051804,0.802197802,0.006844531,0.928571429,0.019772673,0.80952381,0.006576402,0.631259968,0.003131082,0.368899522,0.020973269,0.716393738,0.00977587,0.283606262,0.095228571,0.032734092,0.187895084,0.068698199,0.02924567,0.002232492,0.001012749,0.13157569,0.020785219,0.640131413,0.002242991,0.100441945,0.032935832,0.803302861,0.006920226,0.023998695,0.011351837,0.005651778,0.013708646,0.39,0.464285714,0.005246495,0.725,0.001847575,0.049593335,0.015100671,0.630015798,0.031328321,0.593202884,0.217786967,0.667253666,0.487973816,0.726841347,GradStudent
mlerch,0.00066874,0.004006678,0.638612305,0.001098729,0.549899866,0.004889323,0.013798112,0.761815336,0.005216484,0.681643132,0.001476705,0,0,0,0,0,0,0.002595717,0.101664685,0.019230769,0.75,0.003521127,1,0,0,0,0,0,0,0,0,0,0,0,0,0.001851107,0.808988764,0.006629664,0.835164835,0.000838106,0.75,0.005327966,0.793650794,0.000552639,0.175119617,0.001269358,0.824880383,0.003015764,0.265610941,0.007868383,0.734389059,0.150371429,0.041567512,0.050751694,0.111761248,0.004010666,0.00819252,0.00017872,0.127986137,0.003959089,0.357594137,0.000560748,0.138475961,0.005110733,0.427897375,0.001011698,0.007407433,0.002413549,0.000273473,0.002741729,0.1,0.428571429,0.000949796,0.7241,0.000923788,0.136877604,0.003775168,0.624170616,0.002506266,0.131822863,0.081741855,0.527060226,0.00175642,0.392734039,GradStudent
mlgood3,0.085799311,0.074123539,0.045068651,0.101475436,0.468457944,0.483509645,0.221496006,0.015962441,0.435185185,0.284724005,0.19664788,0.002682348,0.013384575,0.011958146,0.6154,0.004462072,0.6923,0.909149903,0.508323424,0.269230769,0.03,0.892605634,0.7238,0.16,0.04519774,0.16,1,0.210526316,1,0.181818182,0.014285714,0.181818182,1,0.2,1,0.179074447,0.842696629,0.71168671,0.835164835,0.114773944,0.928571429,0.60632252,0.904761905,0.071787787,0.212121212,0.107641533,0.787878788,0.316655243,0.041569192,0.746065808,0.958430808,0.164828571,0.046469219,0.353233655,0.065918883,0.111025401,0.002239297,0.01983796,0.16004456,0.362916529,0.381854941,0.054205607,0.150796839,0.537762635,0.487171926,0.091995458,0.518981764,0.210885633,0.175934366,0.52823981,0.75,0.660714286,0.089642696,0.7697,0.084526559,0.141043444,0.500699105,0.75371248,0.656641604,0.493820803,0.157852512,0.319922902,0.38081603,0.358260195,Director
mryan91,0.003477447,0.013355593,0.387800021,0.006670852,0.914052069,0.019290604,0.050835149,0.803755869,0.021778821,0.707317073,0.007531195,0.000619003,0.070368407,0.004484305,1,0.001239465,0.8333,0.034393251,0.437574316,0.051282051,0.1509,0.033450704,0.717,0.16,1,0.16,1,0.210526316,1,0.181818182,0.296428571,0.181818182,1,0.2,1,0.004185111,0.404494382,0.016034536,0.483516484,0.003678354,0.571428571,0.021075065,0.746031746,0.004531639,0.618979266,0.002284844,0.381020734,0.027141878,0.915601943,0.004530281,0.084398057,0.043742857,0.00756596,0.132708979,0.102248954,0.032055935,0.003972167,0.001906351,0.350538433,0.011877268,0.282284559,0.002429907,0.154010982,0.007382169,0.171040991,0.007634673,0.04283474,0.017088694,0.0023701,0.013708646,0.23,0.392857143,0.002758933,0.5398,0.004157044,0.157905178,0.010626398,0.331595577,0.005012531,0.085993821,0.09790891,0.512103824,0.312421573,0.436928598,GradStudent
odge,0.122880931,0.110183639,0.047793732,0.096295715,0.185914553,0.206062761,0.159041394,0.137089202,0.193922796,0.359435173,0.147129039,0.214381512,0.74754837,0.180119581,0.116,0.164600892,0.3195,0.541207008,0.706103845,0.326923077,0.0612,0.548415493,0.747,0,0,0,0,0,0,0.272727273,0.046428571,0.272727273,1,0.2,0.6667,0.212313883,0.685393258,0.26919519,0.736263736,0.150020953,0.785714286,0.253729576,0.888888889,0.075711523,0,0.195481087,1,0.172172721,0.255173655,0.253218884,0.744826345,0.242942857,0.030043973,0.335234911,0.06254582,0.0919139,0.002651785,0.021029429,0.118579032,0.133619268,0.31210513,0.048037383,0.09347797,0.169222033,0.353583014,0.160742712,0.270234262,0.192687571,0.171558797,0.21093036,0.51,0.607142857,0.106060606,0.6365,0.211547344,0.24657806,0.210850112,0.742654028,0.228070175,0.400102987,0.215435696,0.459775076,0.414161683,0.391478434,PM
oshea,0.051258903,0.039065109,0.036159732,0.05744781,0.423564753,0.160814295,0.103848947,0.089827856,0.155842462,0.409499358,0.081883291,0.000722171,0.005963424,0.004484305,0.8571,0.001239465,0.7143,0.423101882,0.705311138,0.237179487,0.0567,0.424295775,0.7393,0.68,0.310734463,0.68,1,0.789473684,0.8824,0.363636364,0.078571429,0.363636364,1,0.4,1,0.11195171,0.887640449,0.235121801,0.824175824,0.065930996,0.857142857,0.189557187,0.825396825,0.058082343,0.496331738,0.041211813,0.503668262,0.16408499,0.469857837,0.145922747,0.530142163,0.129514286,0.024055872,0.143852899,0.056503369,0.026685862,0.001716715,0.021446443,0.289020918,0.113163972,0.349001769,0.061682243,0.286594348,0.161272005,0.436449425,0.071928368,0.226296214,0.115158431,0.029535096,0.126850667,0.21,0.410714286,0.05468114,0.784,0.019399538,0.053957548,0.158137584,0.703633491,0.112781955,0.252832132,0.161447189,0.420818715,0.543886535,0.586514726,Research
pudavid,0.011602635,0.028380634,0.222722985,0.019934076,0.829272363,0.092719353,0.139433551,0.414397496,0.087376109,0.368677792,0.033841156,0.010316723,0.372250199,0.025411061,0.34,0.020327219,0.82,0.10577547,0.303012287,0.115384615,0.1104,0.103873239,0.7239,0.32,0.63559322,0.32,1,0.368421053,0.875,0.363636364,0.135714286,0.363636364,1,0.4,1,0.018672032,0.606741573,0.06537157,0.362637363,0.014853099,0.857142857,0.073762728,0.380952381,0.018513401,0.923763955,0.001438605,0.076236045,0.126113777,0.861975886,0.029327611,0.138024114,0.030171429,0.00689343,0.196189044,0.191647182,0.055330019,0.008920061,0.007804122,0.455501919,0.115803365,0.71089209,0.014392523,0.289674568,0.057921635,0.264818638,0.01705807,0.136359221,0.049891846,0.004193254,0.028513983,0.13,0,0.009678878,0.6011,0.001847575,0.022217814,0.051174497,0.281832543,0.023809524,0.091658084,0.085259259,0.567217487,0.281074448,0.401755905,GradStudent
rchase,0.008158625,0.023372287,0.27083115,0.013420185,0.770360481,0.041514801,0.061002179,0.400938967,0.045644236,0.645442875,0.017129778,0.005674198,0.288099655,0.016442451,0.4,0.009419931,0.6909,0.120700844,0.752279033,0.166666667,0.1398,0.125,0.7634,0.04,0.11299435,0.04,1,0.052631579,1,0.454545455,0.364285714,0.454545455,1,0.4,0.8,0.015291751,0.719101124,0.064292322,0.89010989,0.010848815,0.910714286,0.053279659,0.952380952,0.011771208,0.773046252,0.003046458,0.226953748,0.053187114,0.775598344,0.018836433,0.224401656,0.035542857,0.005431971,0.145221852,0.045113669,0.031027388,0.003264074,0.000536161,0.04406486,0.007588255,0.005812484,0.001308411,0.037096558,0.011357183,0.112651135,0.009650247,0.049263767,0.020349624,0.001823154,0.026868945,0.08,0.303571429,0.006196291,0.5415,0.005080831,0.086292402,0.033696868,0.547867299,0.062656642,0.52523172,0.065538831,0.165098096,0.29154129,0.36295523,Operations
rwmcgwi,0.283579095,0.247412354,0.044230165,0.278606184,0.327436582,1,0.923747277,0.193114241,1,0.457766367,0.485220644,0.039513051,0.059766764,0.072496263,0.2533,0.052305404,0.5509,0.9733939,0.263773286,0.429487179,0.0447,0.978873239,0.7413,0.52,0.042372881,0.52,1,0.526315789,0.7692,0.727272727,0.025,0.727272727,1,0.8,1,0.472837022,0.651685393,1,0.538461538,0.334404246,0.732142857,1,0.603174603,0.238076817,0.215151515,0.353558433,0.784848485,1,0.441425229,0.942775393,0.558574771,0.159771429,0.012790998,0.35835699,0.167068587,0.183574766,0.015932741,0.113904444,0.27874737,1,0.551933283,0.253271028,0.213740458,1,0.435859628,0.283309453,1,0.484757695,0.694895169,0.7834034,0.9,0.392857143,0.311578471,0.8114,0.144572748,0.073199762,0.80564877,0.522906793,0.94235589,0.34346035,0.100762221,0.475202121,0.257305831,0.520177345,Director
saikou,0.016517872,0.033722871,0.176920658,0.023701146,0.637850467,0.063294515,0.097312999,0.426604069,0.065206051,0.523234917,0.029312594,0.019704942,0.503180493,0.044843049,0.3141,0.02726822,0.5759,0.080467229,0.334324217,0.16025641,0.2016,0.094190141,0.8629,0.16,0.225988701,0.16,1,0.210526316,1,0.454545455,0.242857143,0.454545455,1,0.5,1,0.027444668,0.640449438,0.070151095,0.615384615,0.021185454,0.857142857,0.072697135,0.793650794,0.023321359,0.755821372,0.006516036,0.244178628,0.076627827,0.69353968,0.036480687,0.30646032,0.054828571,0.01307553,0.20438437,0.062532501,0.055905325,0.003815286,0.005302037,0.218962743,0.034312108,0.239575436,0.00953271,0.135797509,0.032935832,0.219109407,0.017140205,0.065764822,0.03042703,0.015314494,0.038018644,0.33,0.25,0.013613749,0.5984,0.009699769,0.082721682,0.056347875,0.617693523,0.047619048,0.266220391,0.05526479,0.336152062,0.107083451,0.43832393,GradStudent
sarowe,0.099541913,0.09048414,0.049470705,0.100455188,0.345627503,0.326429016,0.186637618,0.059780908,0.313380282,0.390500642,0.163274347,0.018363768,0.078982242,0.044095665,0.3315,0.02553297,0.5787,0.384166126,0.317479191,0.333333333,0.0878,0.407570423,0.7821,0.04,0.008474576,0.04,1,0.052631579,1,0.727272727,0.078571429,0.727272727,1,0.8,1,0.199758551,0.808988764,0.443724946,0.769230769,0.131955115,0.910714286,0.411674165,0.920634921,0.118983145,0.557256778,0.070153169,0.442743222,0.286360521,0.301061724,0.377443968,0.698938276,0.185371429,0.009855147,0.305969354,0.059579244,0.06410325,0.002868275,0.014714643,0.102364154,0.186077202,0.259540056,0.040373832,0.096826035,0.270300965,0.356531996,0.099523224,0.326662596,0.163231718,0.10437557,0.276366295,0.38,0.446428571,0.065038444,0.4816,0.150115473,0.215830192,0.326621924,0.719273302,0.343358396,0.38208033,0.196535032,0.365527533,0.463642058,0.313379606,PM
sdh11,0.021934664,0.052754591,0.211927471,0.02676189,0.489986649,0.071561917,0.132897603,0.545539906,0.083463745,0.753273427,0.03558859,0.013824409,0.267028889,0.044843049,0.4478,0.021566683,0.6493,0.075924724,0.280023781,0.16025641,0.2137,0.082746479,0.8034,0.08,0.084745763,0.08,1,0.105263158,1,0.363636364,0.171428571,0.363636364,1,0.3,0.75,0.030020121,0.505617978,0.050724638,0.373626374,0.02202356,0.5,0.04368932,0.158730159,0.026692456,0.573046252,0.015063045,0.426953748,0.095819054,0.838402015,0.025274201,0.161597985,0.102028571,0.003750647,0.320944682,0.259232312,0.925362326,0.038393182,0.007506255,0.234558733,0.057406796,0.411928228,0.00953271,0.102718629,0.036342987,0.212916544,0.023450283,0.07663484,0.038078412,0.014038286,0.036556388,0.23,0.178571429,0.020533695,0.6827,0.012009238,0.077563975,0.035234899,0.227962085,0.037593985,0.186405767,0.119578153,0.59295313,0.457055131,0.478199755,GradStudent
snyder84,0,0.00066778,1,0,0,0.009067473,0.015976761,0.489827856,0.009128847,0.555327343,0.002141222,0,0,0,0,0,0,0.009733939,0.237812128,0.032051282,0.3333,0.009683099,0.7333,0,0,0,0,0,0,0,0,0,0,0,0,0,0,0.006012951,0.450549451,0,0.607142857,0.009590339,0.73015873,0,0.113875598,0.000423119,0.886124402,0.005071967,0.108511787,0.015498331,0.891488213,1,0.023318676,0.064604185,0.119267426,0,0.00593375,0,0,0.011877268,0.660096032,0,0,0.002839296,0.163078738,0,0.009742423,0.002314704,0,0.003107293,0,0.178571429,0.000407056,1,0,0,0.009228188,0.774407583,0.003759398,0.123583934,1,0.420298424,0.756141436,0.062950985,Operations
tandonr,0.0024409,0.004674457,0.220312336,0.003139225,0.483978638,0.026491244,0.044299201,0.472613459,0.026343245,0.48241335,0.008761783,0,0,0,0,0,0,0.045425049,0.432223543,0.064102564,0.1429,0.049295775,0.8,0,0,0,0,0,0,0,0,0,0,0,0,0.006036217,0.921348315,0.038082023,0.824175824,0.003492108,1,0.032678191,0.888888889,0.002376347,0.319298246,0.002961835,0.680701754,0.025771076,0.445204247,0.026227945,0.554795753,0.104771429,0.006841697,0.269036279,0.07375713,0.146425249,0.004477906,0.001251043,0.316994678,0.024084461,0.470053071,0.003738318,0.326637204,0.037478705,0.608375111,0.002698732,0.029338292,0.009721372,0.002917046,0.029062329,0.39,0.696428571,0.002170963,0.5854,0.002309469,0.121007737,0.021951902,0.574091627,0.026315789,0.33676622,0.097471844,0.375958953,0.282813929,0.396365605,Research
tcc,1,1,0.057017084,1,0.34012016,0.954662637,1,0.240375587,0.875847679,0.313735558,1,1,0.429366552,1,0.138,1,0.4162,1,0.28378914,1,0.1012,1,0.7372,0.6,0.014124294,0.6,1,0.789473684,1,0.545454545,0.021428571,0.454545455,0.8333,0.6,1,1,0.348314607,0.810823312,0.43956044,1,0.5,0.902912621,0.53968254,1,0.370015949,1,0.629984051,0.897189856,0.37142343,1,0.62857657,0.135142857,0.000232799,0.450050649,0.080051956,0.082917761,0.005143062,1,0.694516648,0.709996701,0.377558757,1,0.239453596,0.575809199,0.253022707,1,0.955517237,1,1,1,0.37,0.625,1,0.7391,1,0.143622297,1,0.765244866,1,0.381565396,0.168449995,0.333784302,0.439106812,0.309235729,Director
tkoehn,0.024776808,0.033722871,0.102819411,0.034296029,0.605974633,0.077073518,0.083514887,0.257276995,0.083854982,0.619255456,0.039206517,0.052099453,0.8922608,0.061285501,0.1624,0.075111552,0.6,0.119402985,0.409631391,0.166666667,0.1413,0.132922535,0.8207,0.36,0.338983051,0.36,1,0.368421053,0.7778,0.272727273,0.121428571,0.272727273,1,0.3,1,0.045472837,0.719101124,0.106999692,0.791208791,0.033617358,0.946428571,0.096258584,0.904761905,0.036529428,0.819298246,0.007193027,0.180701754,0.101028101,0.80619039,0.030996662,0.19380961,0.043457143,0.001319193,0.187459337,0.075773938,0.051587705,0.002747552,0.004348862,0.120435697,0.027053778,0.112964367,0.012523364,0.119592875,0.032935832,0.17634916,0.029397922,0.091720329,0.046628997,0.010391978,0.048437214,0.15,0.285714286,0.021709634,0.64,0.006466513,0.037095814,0.062779642,0.541706161,0.055137845,0.254376931,0.037962256,0.443105105,0.137156331,0.706679967,Research
totani,0.000635303,0,0.213918876,0.001648093,1,0.003200284,0.007988381,0.634428795,0.004173187,0.96970475,0.00098447,0,0,0,0,0,0,0.007138222,0.369401506,0.025641026,0.3636,0.008802817,0.9091,0,0,0,0,0,0,0,0,0,0,0,0,0.002173038,1,0.005087882,0.945054945,0.00097779,1,0.004143973,0.968253968,0.001326333,1,0,0,0.002878684,0.5546158,0.003576538,0.4453842,0,0.014368857,0.12414212,0.055488185,0.004599551,0.001895946,0.000536161,0.397821513,0,0,0.001682243,0.430427213,0,0.124152168,0.000658386,0.003358499,0.001033556,0.000455789,0.000548346,0.18,0.285714286,0.000678426,0.5357,0.000461894,0.070819282,0.000559284,0.301895735,0.003759398,0.261585994,0.086396858,0.166636565,0.084374441,0.284654776,GradStudent
vombo13,0.000401244,0.00066778,0.401110995,0.001177209,0.980140187,0.023290959,0.023238925,0.234115806,0.028429838,0.850834403,0.006374443,0.000206334,0.126159555,0.001494768,1,0.000495786,1,0.059052563,0.632778438,0.102564103,0.1758,0.065140845,0.8132,0,0,0,0,0,0,0.090909091,0.125,0.090909091,1,0.1,1,0.001609658,1,0.03916127,0.967032967,0.00065186,1,0.030665404,0.984126984,0.000663167,0.620255183,0.000423119,0.379744817,0.027690199,0.681662768,0.014306152,0.318337232,0.047628571,0,0.144284891,0.103406137,0.025724637,0.003335935,0.000238294,0.235796509,0.01121742,0.199646197,0.000747664,0.255122539,0.018739353,0.346800354,0.00054105,0.029046852,0.00805252,0.001276208,0.021933833,0.67,0.571428571,0.00027137,0.2857,0,0,0.012304251,0.300315956,0.021303258,0.306900103,0.161783727,0.906438869,0.334001832,0.731181344,GradStudent
zleffke,0.051860768,0.097161937,0.152080495,0.069847748,0.583444593,0.321095208,0.453159041,0.379655712,0.35732916,0.656225931,0.126701287,0.085216135,0.701696263,0.136023916,0.2203,0.114278632,0.5581,0.196625568,0.165279429,0.301282051,0.1551,0.215669014,0.8086,0.52,0.234463277,0.52,1,0.421052632,0.6154,0.909090909,0.1,0.909090909,1,1,1,0.059879276,0.415730337,0.2195498,0.340659341,0.057503376,0.642857143,0.261070329,0.380952381,0.064990329,0.611483254,0.032157062,0.388516746,0.409595613,0.763181573,0.148783977,0.236818427,0.0848,0,1,0.122541519,1,0.009895122,0.016620994,0.221314519,0.243813923,0.387414708,0.025981308,0.11932503,0.134582624,0.168976703,0.052794752,0.327235067,0.128993872,0.038742024,0.216413818,0.27,0.303571429,0.047761194,0.6769,0.017090069,0.047014481,0.174776286,0.263823065,0.244360902,0.276004119,0.120743511,0.540903288,0.226684744,0.442289412,Research
