pid,total_sent,unique_addresses_sent,unique_add_sent_perc,unique_subjects_sent,unique_sub_sent_perc,total_received,unique_addresses_received,unique_add_rec_perc,unique_subjects_received,unique_sub_rec_perc,total_emails,total_sent_signed,total_sent_signed_perc,unique_addresses_sent_signed,unique_add_sent_perc_signed,unique_subjects_sent_signed,unique_sub_sent_perc_signed,total_received_signed,total_rec_signed_perc,unique_addresses_received_signed,unique_add_rec_perc_signed,unique_subjects_received_signed,unique_sub_rec_perc_signed,total_sent_encrypted,total_sent_encrypted_perc,unique_addresses_sent_encrypted,unique_add_sent_perc_encrypted,unique_subjects_sent_encrypted,unique_sub_sent_perc_encrypted,total_received_encrypted,total_rec_encrypted_perc,unique_addresses_received_encrypted,unique_add_rec_perc_encrypted,unique_subjects_received_encrypted,unique_sub_rec_perc_encrypted,inter_hume_sent,inter_hume_received,inter_hume_all,inter_vt_sent,inter_vt_received,inter_vt_all,sent_to,sent_to_perc,sent_cc,sent_cc_perc,rec_to,rec_to_perc,rec_cc,rec_cc_perc,avg_recipients_sent,avg_recipients_rec,time_seg,avg_body_chars_sent,avg_body_chars_rec,var_body_chars_sent,var_body_chars_rec,after_hours_sent,after_hours_sent_perc,after_hours_rec,after_hours_rec_perc,after_hours_sent_hume,after_hours_sent_hume_perc,after_hours_rec_hume,after_hours_rec_hume_perc,avg_sent_per_day,avg_rec_per_day,avg_emails_per_day,attached_sent,attached_rec,avg_attachments_sent,avg_attachments_rec,sent_re,sent_re_perc,sent_fw,sent_fw_perc,rec_re,rec_re_perc,rec_fw,rec_fw_perc,time_seg.1,avg_subject_chars_sent,avg_subject_chars_rec,var_subject_chars_sent,var_subject_chars_rec,fg_between_centrality,pg_between_centrality,pg_avg_neighbor_degree,fg_avg_neighbor_degree,pg_clustering,fg_clustering,pg_closeness_centrality,fg_closeness_centrality,pg_degree_centrality,fg_degree_centrality,fg_current_flow_closeness_centrality,fg_current_flow_betweenness_centrality,pg_communicability_centrality,fg_communicability_centrality,pg_communicability_betweenness_centrality,fg_communicability_betweenness_centrality,pg_square_clustering,fg_square_clustering,fg_eccentricity,pg_hubs,pg_authorities,pg_avg_shortest_paths_x,pg_avg_shortest_paths_y,pg_num_cliques,fg_num_cliques,pg_degree,fg_degree,Status
apoetter,5,5,1.0,2,0.4,2,1,0.5,1,0.5,7,1,0.2,1,1.0,1,1.0,1,0.5,1,1.0,1,1.0,0,0.0,0,0.0,0,0.0,0,0.0,0,0.0,0,0.0,40,100,57,80,100,86,5,1.0,0,0.0,1,0.5,1,0.5,2.5,1.0,0,52.2,167.0,10899.36,1369.0,5,1.0,1,0.5,2,0.4,1,0.5,5.0,2.0,7.0,0,3,0.0,1.5,1,0.2,0,0.0,2,1.0,0,0.0,0,69.17525773195877,7.0,4638.206398129446,0.0,0.11477988554769313,0.0,2.0,12.272727272727273,0.0,0.4,0.01282051282051282,0.3263888888888889,0.125,0.23404255319148934,4.563106289883684,0.11805040958660565,1.589091778304286,2082.3806073721257,0.0,0.3436692606809137,0.0,0.10762331838565024,3,2.8788529828595905e-13,2.1167601230942405e-12,1.0,1.8333333333333333,1.0,8,1.0,11,PM
arog3632,42,17,0.4048,7,0.1667,47,33,0.7021,34,0.7234,89,0,0.0,0,0.0,0,0.0,0,0.0,0,0.0,0,0.0,0,0.0,0,0.0,0,0.0,0,0.0,0,0.0,0,0.0,10,2,6,62,36,48,36,0.8571,6,0.1429,47,1.0,0,0.0,1.5,1.0217,0,429.9761904761905,1249.085106382979,126440.16609977324,5297670.843820732,3,0.0714,9,0.1915,0,0.0,0,0.0,6.0,6.7143,12.7143,4,3,0.1,0.06,23,0.5476,0,0.0,19,0.4043,2,0.0426,0,31.0,37.95744680851064,146.0,747.6152105024897,0.0425531914893617,0.0,0.0,12.75,0.0,0.16666666666666666,0.0,0.20982142857142855,0.0,0.0851063829787234,4.559534204215431,0.06278799075399584,0.0,236.6611255936103,0.0,0.08172667347096986,0.0,0.098159509202454,3,0.0,0.0,0.0,2.125,0.0,3,0.0,4,GradStudent
bdeird7,15,9,0.6,5,0.3333,72,37,0.5139,61,0.8472,87,0,0.0,0,0.0,0,0.0,0,0.0,0,0.0,0,0.0,0,0.0,0,0.0,0,0.0,0,0.0,0,0.0,0,0.0,60,35,39,80,43,49,10,0.6667,5,0.3333,57,0.7917,15,0.2083,1.5,1.0,0,535.2666666666668,1336.2083333333333,241016.46222222215,1983815.498263889,11,0.7333,31,0.4306,5,0.3333,2,0.0278,2.1429,10.2857,12.4286,2,18,0.13,0.25,11,0.7333,2,0.1333,10,0.1389,0,0.0,0,34.333333333333336,48.27777777777778,135.11111111111111,540.3117283950619,0.023501167349455968,0.0,0.0,7.2857142857142865,0.0,0.2,0.0,0.2270531400966184,0.0,0.14893617021276595,3.847430951973939,0.0831961864080401,0.0,281.49101503925937,0.0,0.050424548101798486,0.0,0.11162790697674417,3,0.0,0.0,0.0,2.2916666666666665,0.0,4,0.0,7,GradStudent
ccallsen,0,0,0.0,0,0.0,3,1,0.3333,3,1.0,3,0,0.0,0,0.0,0,0.0,0,0.0,0,0.0,0,0.0,0,0.0,0,0.0,0,0.0,0,0.0,0,0.0,0,0.0,0,0,0,0,100,0,0,0.0,0,0.0,1,0.3333,2,0.6667,0.0,2.6667,0,0.0,209.0,0.0,242.66666666666663,0,0.0,0,0.0,0,0.0,0,0.0,0.0,0.6,0.6,0,0,0.0,0.0,0,0.0,0,0.0,0,0.0,0,0.0,0,34.96,46.66666666666666,4.838399999999998,6.222222222222222,0.0,0.0,0.0,15.0,0.0,0.6666666666666666,0.0,0.27167630057803466,0.0,0.06382978723404255,3.0226597704906712,0.013624877050117407,0.0,230.1296958925497,0.0,0.03546850789726209,0.0,0.1276595744680851,4,0.0,0.0,0.0,2.395833333333333,0.0,2,0.0,3,Director
cheadley,3,2,0.6667,2,0.6667,9,4,0.4444,7,0.7778,12,2,0.6667,2,1.0,1,0.5,0,0.0,0,0.0,0,0.0,0,0.0,0,0.0,0,0.0,0,0.0,0,0.0,0,0.0,100,78,83,100,78,83,3,1.0,0,0.0,4,0.4444,5,0.5556,1.5,1.0,0,126.33333333333331,398.0,6346.8888888888905,69053.55555555556,0,0.0,4,0.4444,0,0.0,2,0.2222,0.75,2.25,3.0,2,2,0.67,0.22,1,0.3333,0,0.0,3,0.3333,0,0.0,0,27.869565217391305,24.66666666666667,108.89603024574669,126.0,0.004263028060437867,0.0,0.0,11.181818181818182,0.0,0.34545454545454546,0.0,0.29559748427672955,0.0,0.23404255319148934,4.464258401334054,0.09630394509181868,0.0,1776.6113571586511,0.0,0.27172471367565265,0.0,0.10760667903525048,3,0.0,0.0,0.0,1.8958333333333333,0.0,8,0.0,11,Research
cthomp,0,0,0.0,0,0.0,32,2,0.0625,32,1.0,32,0,0.0,0,0.0,0,0.0,0,0.0,0,0.0,0,0.0,0,0.0,0,0.0,0,0.0,0,0.0,0,0.0,0,0.0,0,0,0,0,100,0,0,0.0,0,0.0,19,0.5938,13,0.4063,0.0,1.3,0,0.0,207.9375,0.0,811.24609375,0,0.0,12,0.375,0,0.0,0,0.0,0.0,4.5714,4.5714,0,0,0.0,0.0,0,0.0,0,0.0,0,0.0,0,0.0,0,0.0,44.0625,0.0,17.62109375,0.07831556612777704,0.0,0.0,10.2,0.0,0.3,0.0,0.31756756756756754,0.0,0.10638297872340426,3.5914419413016287,0.030348619545757845,0.0,299.5115984864624,0.0,0.05543508197756907,0.0,0.0783132530120482,4,0.0,0.0,0.0,2.2916666666666665,0.0,4,0.0,5,Director
deannac,30,12,0.4,16,0.5333,49,25,0.5102,38,0.7755,79,28,0.9333,12,0.4286,15,0.5357,5,0.102,2,0.4,4,0.8,0,0.0,0,0.0,0,0.0,0,0.0,0,0.0,0,0.0,87,43,59,97,84,89,24,0.8,6,0.2,38,0.7755,11,0.2245,1.5,1.0204,0,309.6,866.1224489795917,44074.90666666666,1237263.12786339,0,0.0,5,0.102,0,0.0,0,0.0,4.2857,7.0,11.2857,16,18,0.53,0.37,16,0.5333,1,0.0333,15,0.3061,3,0.0612,0,20.38842975206612,36.367346938775505,74.84912232770972,412.88546438983735,0.05394806396194001,0.0,0.0,12.1,0.0,0.37777777777777777,0.0,0.32413793103448274,0.0,0.2127659574468085,4.2587847201896585,0.09939976017034734,0.0,1676.7193365980002,0.0,0.27174447236426896,0.0,0.08900836320191159,3,0.0,0.0,0.0,1.8541666666666667,0.0,8,0.0,10,Operations
example,3,2,0.6667,2,0.6667,2,2,1.0,2,1.0,5,2,0.6667,2,1.0,2,1.0,1,0.5,1,1.0,1,1.0,0,0.0,0,0.0,0,0.0,0,0.0,0,0.0,0,0.0,100,100,100,100,100,100,3,1.0,0,0.0,2,1.0,0,0.0,1.0,2.0,0,632.3333333333334,271.5,312504.88888888893,69432.25,0,0.0,1,0.5,0,0.0,1,0.5,0.6,0.4,1.0,0,0,0.0,0.0,2,0.6667,0,0.0,2,1.0,0,0.0,0,17.0,17.5,12.0,2.25,0.002775208140610546,0.0,0.0,17.5,0.0,1.0,0.0,0.2259615384615385,0.0,0.0425531914893617,1.9002350528890244,0.0025111030568612017,0.0,130.4238445879822,0.0,0.0207152471726706,0.0,0.0684931506849315,3,0.0,0.0,0.0,2.3125,0.0,1,0.0,2,GradStudent
fnguyen,0,0,0.0,0,0.0,11,8,0.7273,8,0.7273,11,0,0.0,0,0.0,0,0.0,2,0.1818,1,0.5,1,0.5,0,0.0,0,0.0,0,0.0,0,0.0,0,0.0,0,0.0,0,36,0,0,55,0,0,0.0,0,0.0,11,1.0,0,0.0,0.0,1.4,0,0.0,615.8181818181819,0.0,312381.7851239669,0,0.0,1,0.0909,0,0.0,0,0.0,0.0,1.8333,1.8333,0,15,0.0,1.36,0,0.0,0,0.0,4,0.3636,0,0.0,0,0.0,29.818181818181817,0.0,119.42148760330579,0.0007554733271662043,0.0,0.0,14.0,0.0,0.0,0.0,0.20085470085470086,0.0,0.0425531914893617,2.2360421833966657,0.005511967591030908,0.0,69.97139167226007,0.0,0.01216121401201905,0.0,0.08108108108108109,4,0.0,0.0,0.0,2.5,0.0,2,0.0,2,GradStudent
het,4,3,0.75,2,0.5,10,5,0.5,6,0.6,14,0,0.0,0,0.0,0,0.0,3,0.3,2,0.6667,3,1.0,0,0.0,0,0.0,0,0.0,0,0.0,0,0.0,0,0.0,75,80,79,100,100,100,3,0.75,1,0.25,5,0.5,5,0.5,2.0,1.0,0,126.25,540.4,24979.6875,302866.4400000001,0,0.0,0,0.0,0,0.0,0,0.0,1.0,2.5,3.5,0,3,0.0,0.3,3,0.75,1,0.25,5,0.5,0,0.0,0,50.0,33.3,0.0,930.0099999999996,0.0425531914893617,0.0,0.0,10.2,0.0,0.3333333333333333,0.0,0.23618090452261306,0.0,0.10638297872340426,3.209287417490513,0.06698230101036484,0.0,233.4915034626152,0.0,0.07466644564528048,0.0,0.09420289855072464,3,0.0,0.0,0.0,2.1875,0.0,2,0.0,5,Research
jacouch,18,14,0.7778,3,0.1667,2,2,1.0,2,1.0,20,0,0.0,0,0.0,0,0.0,0,0.0,0,0.0,0,0.0,0,0.0,0,0.0,0,0.0,0,0.0,0,0.0,0,0.0,72,50,70,89,100,90,13,0.7222,5,0.2778,2,1.0,0,0.0,6.0,1.0,0,408.83333333333326,912.0,158565.13888888888,217156.0,3,0.1667,0,0.0,2,0.1111,0,0.0,2.5714,0.2857,2.8571,6,1,0.33,0.5,15,0.8333,0,0.0,1,0.5,0,0.0,0,34.0,26.5,0.0,56.25,0.08096713133715908,0.0,0.0,11.3,0.0,0.3555555555555556,0.0,0.34057971014492755,0.0,0.2127659574468085,4.063531050550683,0.048602113286437584,0.0,1628.9487098405825,0.0,0.24900185615679254,0.0,0.12944983818770225,3,0.0,0.0,0.0,1.9166666666666667,0.0,6,0.0,10,GradStudent
jmahal,2,2,1.0,1,0.5,4,3,0.75,3,0.75,6,0,0.0,0,0.0,0,0.0,2,0.5,1,0.5,1,0.5,0,0.0,0,0.0,0,0.0,0,0.0,0,0.0,0,0.0,100,100,100,100,100,100,1,0.5,1,0.5,4,1.0,0,0.0,2.0,2.5,0,63.0,462.75,0.0,7969.1875,2,1.0,0,0.0,2,1.0,0,0.0,0.4,0.8,1.2,2,0,1.0,0.0,0,0.0,0,0.0,1,0.25,0,0.0,0,21.625,19.25,0.984375,21.1875,0.0080172679617638,0.0,0.0,10.5,0.0,1.0,0.0,0.2670454545454545,0.0,0.0425531914893617,1.3961502261279632,0.004047344767517934,0.0,49.92900946178492,0.0,0.008233935284287943,0.0,0.25,4,0.0,0.0,0.0,2.708333333333333,0.0,1,0.0,2,GradStudent
jmernst,51,18,0.3529,11,0.2157,58,15,0.2586,31,0.5345,109,13,0.2549,8,0.6154,4,0.3077,15,0.2586,5,0.3333,9,0.6,0,0.0,0,0.0,0,0.0,0,0.0,0,0.0,0,0.0,96,93,94,98,95,96,33,0.6471,18,0.3529,40,0.6897,18,0.3103,3.0,1.381,0,162.27450980392157,583.4310344827586,22127.061899269516,546720.2107609988,36,0.7059,22,0.3793,36,0.7059,22,0.3793,7.2857,8.2857,15.5714,3,19,0.06,0.33,44,0.8627,0,0.0,33,0.569,1,0.0172,0,19.852941176470583,38.086206896551715,26.97837370242216,1035.4236028537453,0.17923392775381672,0.0,0.0,9.333333333333334,0.0,0.2571428571428571,0.0,0.3700787401574803,0.0,0.44680851063829785,4.863953193376113,0.18243817637232865,0.0,5259.708869338767,0.0,0.6392507949384036,0.0,0.09487590072057646,3,0.0,0.0,0.0,1.6041666666666667,0.0,25,0.0,21,Research
jrmurphy,0,0,0.0,0,0.0,12,1,0.0833,12,1.0,12,0,0.0,0,0.0,0,0.0,0,0.0,0,0.0,0,0.0,0,0.0,0,0.0,0,0.0,0,0.0,0,0.0,0,0.0,0,0,0,0,100,0,0,0.0,0,0.0,12,1.0,0,0.0,0.0,1.8571,0,0.0,207.66666666666663,0.0,471.5555555555555,0,0.0,2,0.1667,0,0.0,0,0.0,0.0,2.4,2.4,0,0,0.0,0.0,0,0.0,0,0.0,0,0.0,0,0.0,0,0.0,48.66666666666666,0.0,3.5555555555555567,0.0,0.0,0.0,14.5,0.0,0.6666666666666666,0.0,0.23737373737373735,0.0,0.0851063829787234,3.5434447438820698,0.01993734320019509,0.0,325.36262517092115,0.0,0.05544053326881156,0.0,0.1485148514851485,3,0.0,0.0,0.0,2.208333333333333,0.0,2,0.0,4,Operations
jziegler,4,4,1.0,3,0.75,30,9,0.3,22,0.7333,34,2,0.5,2,1.0,2,1.0,7,0.2333,3,0.4286,2,0.2857,0,0.0,0,0.0,0,0.0,0,0.0,0,0.0,0,0.0,100,100,100,100,100,100,4,1.0,0,0.0,29,0.9667,1,0.0333,1.3333,1.1034,0,304.0,769.6,5656.5,395973.90666666673,0,0.0,4,0.1333,0,0.0,4,0.1333,0.5714,4.2857,4.8571,0,15,0.0,0.5,2,0.5,0,0.0,13,0.4333,0,0.0,0,9.368421052631579,48.56666666666667,77.49584487534624,992.5122222222225,0.020993234846148817,0.0,0.0,16.8,0.0,0.9,0.0,0.3263888888888889,0.0,0.10638297872340426,3.5487147727280868,0.013232369468446595,0.0,784.2390762714156,0.0,0.11806140664651707,0.0,0.1252236135957066,3,0.0,0.0,0.0,2.083333333333333,0.0,2,0.0,5,Research
kgantt,0,0,0.0,0,0.0,2,1,0.5,2,1.0,2,0,0.0,0,0.0,0,0.0,0,0.0,0,0.0,0,0.0,0,0.0,0,0.0,0,0.0,0,0.0,0,0.0,0,0.0,0,0,0,0,100,0,0,0.0,0,0.0,1,0.5,1,0.5,0.0,0.0,0,0.0,229.5,0.0,110.25,0,0.0,0,0.0,0,0.0,0,0.0,0.0,0.4,0.4,0,0,0.0,0.0,0,0.0,0,0.0,0,0.0,0,0.0,0,31.09090909090909,45.0,66.17355371900824,1.0,0.005812519272278756,0.0,0.0,8.0,0.0,0.0,0.0,0.281437125748503,0.0,0.0425531914893617,1.387147294759854,0.006181534531179175,0.0,40.44336182081882,0.0,0.0067193286873273314,0.0,0.08695652173913042,4,0.0,0.0,0.0,2.6666666666666665,0.0,2,0.0,2,Outreach
kkarranc,0,0,0.0,0,0.0,20,12,0.6,11,0.55,20,0,0.0,0,0.0,0,0.0,2,0.1,2,1.0,2,1.0,0,0.0,0,0.0,0,0.0,0,0.0,0,0.0,0,0.0,0,100,0,0,100,0,0,0.0,0,0.0,13,0.65,7,0.35,0.0,1.0,0,0.0,752.4,0.0,250464.94,0,0.0,7,0.35,0,0.0,7,0.35,0.0,3.3333,3.3333,0,8,0.0,0.4,0,0.0,0,0.0,9,0.45,1,0.05,0,0.0,53.9,0.0,1728.789999999999,0.0010873569846742831,0.0,0.0,18.5,0.0,0.6666666666666666,0.0,0.29936305732484075,0.0,0.0851063829787234,3.8201089735413953,0.014865261921737429,0.0,542.5970598631704,0.0,0.0835435213076742,0.0,0.14285714285714285,3,0.0,0.0,0.0,2.145833333333333,0.0,2,0.0,4,Research
krich,0,0,0.0,0,0.0,8,1,0.125,8,1.0,8,0,0.0,0,0.0,0,0.0,0,0.0,0,0.0,0,0.0,0,0.0,0,0.0,0,0.0,0,0.0,0,0.0,0,0.0,0,0,0,0,100,0,0,0.0,0,0.0,0,0.0,8,1.0,0.0,0.0,0,0.0,197.125,0.0,293.109375,0,0.0,0,0.0,0,0.0,0,0.0,0.0,1.6,1.6,0,0,0.0,0.0,0,0.0,0,0.0,0,0.0,0,0.0,0,0.0,50.0,0.0,0.0,0.0,0.0,0.0,17.0,0.0,0.0,0.0,0.2568306010928962,0.0,0.0425531914893617,2.5567471024678654,0.0046856806433269406,0.0,117.7559684941758,0.0,0.01890434670559707,0.0,0.1794871794871795,3,0.0,0.0,0.0,2.333333333333333,0.0,2,0.0,2,Operations
ksterne,9,7,0.7778,6,0.6667,109,60,0.5505,92,0.844,118,0,0.0,0,0.0,0,0.0,0,0.0,0,0.0,0,0.0,0,0.0,0,0.0,0,0.0,0,0.0,0,0.0,0,0.0,11,9,9,33,41,41,9,1.0,0,0.0,102,0.9358,7,0.0642,1.0,1.0,0,393.33333333333326,2625.788990825688,64083.111111111124,99809189.78116316,1,0.1111,32,0.2936,1,0.1111,1,0.0092,1.2857,15.5714,16.8571,7,19,0.78,0.17,7,0.7778,1,0.1111,19,0.1743,4,0.0367,0,32.15,45.34862385321101,479.4275,675.8968100328259,0.0425531914893617,0.0,0.0,11.5,0.0,0.5,0.0,0.27167630057803466,0.0,0.1276595744680851,3.863646733650316,0.09449847126086616,0.0,503.655132887357,0.0,0.10863745219149967,0.0,0.1566265060240964,3,0.0,0.0,0.0,2.145833333333333,0.0,2,0.0,6,Research
leslie,150,25,0.1667,18,0.12,44,15,0.3409,28,0.6364,194,0,0.0,0,0.0,0,0.0,9,0.2045,3,0.3333,5,0.5556,0,0.0,0,0.0,0,0.0,0,0.0,0,0.0,0,0.0,93,95,94,94,100,95,135,0.9,15,0.1,30,0.6818,14,0.3182,5.7692,1.0,0,827.3066666666666,308.34090909090907,104790.23928888873,154999.72469008266,0,0.0,1,0.0227,0,0.0,1,0.0227,21.4286,6.2857,27.7143,109,18,0.73,0.41,17,0.1133,1,0.0067,30,0.6818,2,0.0455,0,78.58273381294964,33.02272727272727,699.9697738212317,433.8858471074378,0.04324699352451434,0.03571428571428571,1.0,8.666666666666666,0.0,0.2065217391304348,0.019230769230769232,0.2655367231638418,0.25,0.5106382978723404,5.095906370905231,0.4039171783134062,2.178183556608567,5839.277258812479,0.0,0.7150746158798824,0.0,0.08267913813262068,2,2.8788529828595905e-13,4.233520246188482e-12,0.6666666666666666,1.4583333333333333,2.0,27,2.0,24,Operations
mifowler,26,15,0.5769,7,0.2692,27,11,0.4074,12,0.4444,53,20,0.7692,15,0.75,6,0.3,7,0.2593,3,0.4286,3,0.4286,0,0.0,0,0.0,0,0.0,0,0.0,0,0.0,0,0.0,69,96,83,100,100,100,13,0.5,13,0.5,24,0.8889,3,0.1111,2.1667,1.1,0,126.6153846153846,354.0740740740741,2105.6213017751475,131211.92043895743,12,0.4615,8,0.2963,10,0.3846,8,0.2963,5.2,5.4,10.6,0,20,0.0,0.74,21,0.8077,0,0.0,20,0.7407,1,0.037,0,35.864864864864856,45.85185185185186,461.3601168736304,414.9410150891633,0.15067377888839498,0.0,0.0,10.0,0.0,0.2637362637362637,0.0,0.3533834586466165,0.0,0.2978723404255319,4.384352604204042,0.07230662270010749,0.0,2503.0818021118776,0.0,0.3666363232080269,0.0,0.13145290047897815,3,0.0,0.0,0.0,1.8125,0.0,11,0.0,14,Research
mlgood3,0,0,0.0,0,0.0,5,2,0.4,5,1.0,5,0,0.0,0,0.0,0,0.0,0,0.0,0,0.0,0,0.0,0,0.0,0,0.0,0,0.0,0,0.0,0,0.0,0,0.0,0,40,0,0,100,0,0,0.0,0,0.0,3,0.6,2,0.4,0.0,1.0,0,0.0,248.2,0.0,4271.36,0,0.0,0,0.0,0,0.0,0,0.0,0.0,0.8333,0.8333,0,0,0.0,0.0,0,0.0,0,0.0,0,0.0,0,0.0,0,30.42857142857143,33.0,151.5306122448979,234.4,0.0003964583058015065,0.0,0.0,16.5,0.0,0.7333333333333333,0.0,0.2865853658536585,0.0,0.1276595744680851,4.01856412690835,0.025330980823332298,0.0,1040.9718270178012,0.0,0.1551829446683817,0.0,0.11464245175936436,3,0.0,0.0,0.0,2.0625,0.0,4,0.0,6,Director
mryan91,8,5,0.625,6,0.75,15,10,0.6667,8,0.5333,23,0,0.0,0,0.0,0,0.0,4,0.2667,2,0.5,3,0.75,1,0.125,1,1.0,1,1.0,1,0.0667,1,1.0,1,1.0,38,53,48,63,87,78,8,1.0,0,0.0,11,0.7333,4,0.2667,1.0,1.0,0,161.5,262.1333333333333,26504.0,31749.715555555562,1,0.125,3,0.2,0,0.0,1,0.0667,1.3333,2.5,3.8333,0,5,0.0,0.33,5,0.625,0,0.0,9,0.6,2,0.1333,0,39.2,22.73333333333333,620.5600000000002,126.59555555555552,0.0003700277520814061,0.0,0.0,12.666666666666664,0.0,0.6666666666666666,0.0,0.2640449438202247,0.0,0.06382978723404255,3.153771254165737,0.014607854608341684,0.0,164.66869213303443,0.0,0.02873967506416049,0.0,0.15789473684210525,3,0.0,0.0,0.0,2.375,0.0,2,0.0,3,GradStudent
odge,6,5,0.8333,2,0.3333,12,8,0.6667,6,0.5,18,6,1.0,5,0.8333,2,0.3333,0,0.0,0,0.0,0,0.0,0,0.0,0,0.0,0,0.0,0,0.0,0,0.0,0,0.0,83,67,72,100,100,100,2,0.3333,4,0.6667,11,0.9167,1,0.0833,3.0,1.0,0,355.0,523.3333333333334,1156.0,225518.05555555553,0,0.0,4,0.3333,0,0.0,2,0.1667,1.0,2.0,3.0,0,9,0.0,0.75,0,0.0,3,0.5,7,0.5833,2,0.1667,0,22.81481481481481,36.66666666666666,159.48422496570643,201.22222222222217,0.08378378739155798,0.0,0.0,9.75,0.0,0.2857142857142857,0.0,0.3381294964028777,0.0,0.1702127659574468,3.3949858778938715,0.045756713450243715,0.0,728.508307247025,0.0,0.1300973202124072,0.0,0.107890499194847,4,0.0,0.0,0.0,2.145833333333333,0.0,7,0.0,8,PM
pudavid,10,5,0.5,8,0.8,36,14,0.3889,25,0.6944,46,8,0.8,4,0.5,7,0.875,3,0.0833,3,1.0,3,1.0,0,0.0,0,0.0,0,0.0,0,0.0,0,0.0,0,0.0,70,58,61,90,61,67,10,1.0,0,0.0,36,1.0,0,0.0,1.0,1.0294,0,401.7,714.6944444444445,41684.81000000001,438450.60108024697,7,0.7,15,0.4167,6,0.6,9,0.25,1.4286,5.1429,6.5714,1,11,0.1,0.31,3,0.3,0,0.0,4,0.1111,0,0.0,0,31.75,43.055555555555564,131.6875,728.4969135802472,0.01061627241090701,0.0,0.0,11.75,0.0,0.5,0.0,0.26256983240223464,0.0,0.0851063829787234,3.4578670468925083,0.0180235312732409,0.0,249.1239840660729,0.0,0.04351549700537706,0.0,0.13125,3,0.0,0.0,0.0,2.333333333333333,0.0,3,0.0,4,GradStudent
rchase,5,5,1.0,4,0.8,4,2,0.5,3,0.75,9,0,0.0,0,0.0,0,0.0,3,0.75,1,0.3333,2,0.6667,0,0.0,0,0.0,0,0.0,0,0.0,0,0.0,0,0.0,60,100,78,100,100,100,5,1.0,0,0.0,4,1.0,0,0.0,1.0,1.0,0,107.8,380.25,11727.359999999995,215054.1875,0,0.0,0,0.0,0,0.0,0,0.0,1.0,0.8,1.8,0,2,0.0,0.5,0,0.0,0,0.0,2,0.5,0,0.0,0,10.142857142857142,19.25,92.12244897959181,133.1875,0.10105318414754122,0.0,0.0,10.333333333333334,0.0,0.26666666666666666,0.0,0.34057971014492755,0.0,0.1276595744680851,2.980068899070806,0.01905151234429618,0.0,458.1914497847605,0.0,0.08105460011761455,0.0,0.09198113207547168,3,0.0,0.0,0.0,2.083333333333333,0.0,5,0.0,6,Operations
rwmcgwi,16,14,0.875,6,0.375,2,1,0.5,2,1.0,18,0,0.0,0,0.0,0,0.0,0,0.0,0,0.0,0,0.0,0,0.0,0,0.0,0,0.0,0,0.0,0,0.0,0,0.0,6,0,0,6,100,17,6,0.375,10,0.625,2,1.0,0,0.0,2.6667,1.0,0,113.625,189.0,11514.484375,0.0,6,0.375,0,0.0,0,0.0,0,0.0,2.6667,0.3333,3.0,1,0,0.06,0.0,6,0.375,0,0.0,0,0.0,0,0.0,0,38.0,42.0,4.0,0.0,0.04455276966840335,0.0,3.0,12.363636363636365,0.0,0.4363636363636363,0.004509379509379509,0.29936305732484075,0.125,0.23404255319148934,4.7196055075653796,0.1035450181613132,1.6413928267856874,2159.700628713272,0.0,0.322379246673049,0.0,0.09959758551307847,3,0.02333887129131728,0.03250721982542517,1.8333333333333333,1.8333333333333333,1.0,8,1.0,11,Director
saikou,15,15,1.0,1,0.0667,30,18,0.6,17,0.5667,45,15,1.0,15,1.0,1,0.0667,3,0.1,2,0.6667,3,1.0,0,0.0,0,0.0,0,0.0,0,0.0,0,0.0,0,0.0,13,67,49,13,67,49,2,0.1333,13,0.8667,20,0.6667,10,0.3333,15.0,1.0,0,1222.0,655.6,0.0,413810.04,0,0.0,1,0.0333,0,0.0,1,0.0333,3.0,6.0,9.0,15,15,1.0,0.5,15,1.0,0,0.0,15,0.5,0,0.0,0,21.0,38.8,0.0,453.7599999999998,0.01003700277520814,0.0,3.0,11.5,0.0,0.5,0.0045620437956204385,0.2732558139534884,0.125,0.0851063829787234,3.985475368011439,0.022333598827057204,1.641392826785688,232.5586794021506,0.0,0.04187242086798089,0.0,0.078125,3,0.0202270217858083,0.028172923848701813,1.8333333333333333,2.25,1.0,3,1.0,4,GradStudent
sarowe,0,0,0.0,0,0.0,1,1,1.0,1,1.0,1,0,0.0,0,0.0,0,0.0,0,0.0,0,0.0,0,0.0,0,0.0,0,0.0,0,0.0,0,0.0,0,0.0,0,0.0,0,0,0,0,100,0,0,0.0,0,0.0,0,0.0,1,1.0,0.0,0.0,0,0.0,218.0,0.0,0.0,0,0.0,0,0.0,0,0.0,0,0.0,0.0,1.0,1.0,0,0,0.0,0.0,0,0.0,0,0.0,0,0.0,0,0.0,0,0.0,46.0,0.0,0.0,0.07784899343641248,0.0,0.0,12.166666666666664,0.0,0.26666666666666666,0.0,0.28484848484848485,0.0,0.1276595744680851,3.250111202597909,0.036296453864108916,0.0,513.1346880510215,0.0,0.09614915981062927,0.0,0.09504950495049504,3,0.0,0.0,0.0,2.0625,0.0,4,0.0,6,PM
sdh11,5,4,0.8,3,0.6,77,41,0.5325,51,0.6623,82,1,0.2,1,1.0,1,1.0,12,0.1558,5,0.4167,7,0.5833,0,0.0,0,0.0,0,0.0,0,0.0,0,0.0,0,0.0,80,23,27,100,29,33,3,0.6,2,0.4,60,0.7792,17,0.2208,1.6667,1.0,0,38.6,974.5454545454544,397.84,2140468.559622196,5,1.0,12,0.1558,4,0.8,3,0.039,0.7143,11.0,11.7143,1,12,0.2,0.16,5,1.0,0,0.0,26,0.3377,2,0.026,0,33.888888888888886,34.12987012987013,111.76543209876543,547.0740428402764,0.09361078072918956,0.0,0.0,13.833333333333336,0.0,0.4,0.0,0.32413793103448274,0.0,0.1276595744680851,3.118589447772912,0.034087387282241484,0.0,685.4076571742862,0.0,0.12541334726725406,0.0,0.10968921389396707,3,0.0,0.0,0.0,2.020833333333333,0.0,4,0.0,6,GradStudent
tcc,0,0,0.0,0,0.0,1,1,1.0,1,1.0,1,0,0.0,0,0.0,0,0.0,0,0.0,0,0.0,0,0.0,0,0.0,0,0.0,0,0.0,0,0.0,0,0.0,0,0.0,0,100,0,0,100,0,0,0.0,0,0.0,0,0.0,1,1.0,0.0,1.0,0,0.0,28.0,0.0,0.0,0,0.0,0,0.0,0,0.0,0,0.0,0.0,1.0,1.0,0,0,0.0,0.0,0,0.0,0,0.0,1,1.0,0,0.0,0,0.0,26.0,0.0,0.0,0.027938930737265614,0.0,3.0,14.142857142857142,0.0,0.5238095238095238,0.0037158145065398344,0.3219178082191781,0.125,0.14893617021276595,4.788379644728909,0.044737332736666184,1.6413928267856868,1194.3759343754407,0.0,0.1723812439289725,0.0,0.13513513513513514,4,0.11949745887618375,0.09320881075238216,1.8333333333333333,2.1041666666666665,1.0,4,1.0,7,Director
zleffke,16,6,0.375,10,0.625,43,28,0.6512,38,0.8837,59,8,0.5,6,0.75,7,0.875,1,0.0233,1,1.0,1,1.0,0,0.0,0,0.0,0,0.0,0,0.0,0,0.0,0,0.0,44,53,51,94,65,73,16,1.0,0,0.0,42,0.9767,1,0.0233,1.0,1.0,0,645.4375,995.5348837209302,453888.49609375,1647219.5511087081,3,0.1875,18,0.4186,3,0.1875,6,0.1395,2.2857,6.1429,8.4286,1,13,0.06,0.3,9,0.5625,0,0.0,9,0.2093,1,0.0233,0,23.25,46.62790697674418,193.1875,1517.1638723634399,0.10815676255084213,0.0,0.0,10.636363636363637,0.0,0.3272727272727273,0.0,0.32867132867132864,0.0,0.23404255319148934,4.4599391157594335,0.08550660675403836,0.0,1730.9804158090797,0.0,0.2862824900933801,0.0,0.13033175355450238,3,0.0,0.0,0.0,1.8958333333333333,0.0,8,0.0,11,Research
